urbanarea_id,iata_code,woe_id,name
7,GIB,12513027,Gibraltar Airport
8,MPL,12512897,Aéroport de Montpellier-Mediterranee
8,BZR,12512985,Aéroport Béziers-Vias
11,PGF,12512957,Aéroport International Perpignan-Rivesaltes
19,BCN,22411879,Aeropuerto de Barcelona
22,JRB,12523144,Downtown Manhattan Heliport
22,TSS,12523248,East 34th Street Heliport
64,IKT,12516044,Irkutsk Southeast Airport
196,ALA,12514259,Alma Ata Airport
203,OGZ,12516613,Ordzhonikidze North Airport
249,TBS,12513015,Tbilisi-Noyo Alekseyevka Airport
257,TAS,12522725,Tashkent South Airport
290,AZN,12522576,Andizhan Airport
308,OSS,12514111,Osh Airport
4783,YUL,12511638,Aéroport International Pierre-Elliott-Trudeau de Montreal
353,BHK,12522588,Bukhara Airport
390,KSQ,12522643,Karshi South Airport
424,MYP,12517997,Mary Northeast Airport
473,AFZ,12513753,Sabzevar Airport
488,NHA,12523189,Nha-Trang Airport
489,DLC,23388254,Chou Shui Tzu Airport
491,SZB,12515008,Sultan Abdul Aziz Shah Airport
493,DXB,23388362,Dubai International Airport
495,JED,23388353,King Abdul Aziz International Airport
539,HDM,12513727,Hamadan Airport
546,SDT,12515266,Saidu Sharif Airport
606,ISB,12515238,Islamabad International Airport
616,OHT,12515243,Kohat Airport
683,XBJ,12513708,Birjand Airport
723,DEF,12513715,Dezful Airport
755,BHW,12515267,Bhagatanwala Airport
755,SGI,12523059,Sargodha Airport
780,DSK,12515232,Dera Ismail Khan Airport
820,GRV,12516015,Groznyy Airport
827,NMA,12522684,Namangan Airport
845,KSH,12513702,Bakhtaran Airport
847,PEW,12515258,Peshawar Airport
851,BGW,12513890,Al Muthana Airport
851,SDA,12513921,Baghdad International Airport
862,MHD,12513744,Mashhad Airport
876,AEH,12511930,Abeche Airport
887,NDJ,12511933,Ndjamena Airport
949,BBT,12512447,Berberati Airport
961,RBR,12511288,Aeroporto Internacional Presidente Médici
963,LPB,12510906,El Alto International Airport
964,CBB,12510908,Jorge Wilsterman Airport
973,TJA,12510904,Capitan Oriel Lea Plaza Airport
987,TUC,12510566,Teniente Benjamin Matienzo Airport
1015,COR,12510482,Ingeniero Ambrosio L.V. Taravella International Airport
1030,MDZ,12510491,El Plumerillo Airport
1042,VGS,12523570,General Villegas Airport
1049,SRZ,12510905,El Trompillo Airport
1110,SHE,12512041,Dongta Airport
1151,BAV,12511987,Baotou Airport
1198,JGN,12512095,Jiayuguan Airport
1202,DSN,12512040,Dongsheng Airport
1358,YNT,12523272,Yantai Airport
1462,XNN,12512251,Xining Airport
1464,CJJ,12514203,??????
1526,YYC,12511594,Calgary International Airport
1539,SFF,12519720,Felts Field Airport
1540,COE,12519264,Coeur d'Alene Air Term Airport
1544,MWH,12519959,Grant County International Airport
1549,YKM,12522526,Yakima Air Terminal
1552,PSC,12522188,Tri Cities Airport
1657,HIN,12514226,????
1696,CGO,12523109,Zhengzhou Airport
1721,LYA,12523313,Luoyang Airport
1749,HIJ,28360532,????
1761,SIA,12512238,Xiguan Airport
1777,TKS,12514027,????
1780,UBJ,12514036,??????
1798,MYJ,12513985,????
1845,JCJ,12523361,Chu Ja Heliport
1863,JSP,12523360,Sogwipo Heliport
1869,HZG,12512068,Hanzhong Airport
2010,BIL,12520688,Logan International Airport
2022,IDA,12519708,Fanning Field Airport
2023,RBG,12521657,Roseburg Regional Airport
2030,MFR,12520884,Rogue Valley International-Medford Airport
2034,HIF,12520184,Hill Air Force Base
2034,OGD,12521198,Ogden Hinckley Airport
2035,CYS,12519176,Cheyenne Airport
2039,SLC,12521709,Salt Lake City International Airport
2039,BTF,12521880,Skypark Airport
2087,CTU,12512010,Chengdushuang Liu Airport
2091,AQG,12523067,Anqing Airport
2136,NGB,12523321,Ningbo Airport
2142,CKG,12523085,Chongqing Airport
2186,KHN,12512149,Nanchang New Airport
2193,CSX,12523089,Huanghua Airport
2200,WNZ,12523455,Wenzhou Airport
2266,OKA,12513995,????
2276,FOC,12523107,Fuzhou Airport
2319,MMY,12513990,????
2339,ISG,12513966,????
2351,HUN,12517939,?????
2391,TTT,12517928,?????
2399,HCN,28760738,????
2421,ZHA,12512295,Zhanjiang Airport
2437,CNX,12517750,Chiang Mai International Airport
2458,RGN,12510924,Mingaladon Airport
2463,THK,12514558,Thakhek Airport
2482,DAD,12523093,Da Nang Airport
2490,CRK,12515607,Clark Field Airport
2492,UBP,12517791,Ubon Airport
2497,NCP,12515609,Cubi Point Naval Air Station
2505,NAK,12517758,Nakhon Ratchasima Airport
2509,DEN,12523052,Denver International Airport
2514,RNO,12519047,Reno-Tahoe International Airport
2521,CSN,12519083,Carson City Airport
2526,AFF,12522260,United States Air Force Academy Airstrip
2533,MTJ,12521012,Montrose Regional Airport
2541,NGZ,12518552,Alameda Naval Air Station
2541,HWD,12520140,Hayward Executive Airport
2541,OAK,12520917,Oakland International Airport
2541,NUQ,12520980,Moffett Federal Airfield
2541,PAO,12521292,Palo Alto Airport of Santa Clara County
2541,SFO,12521721,San Francisco International Airport
2541,SJC,12521722,Norman Y Mineta San Jose International Airport
2541,SQL,12523228,San Carlos Airport
2541,JCE,12523433,Oakland Convention Center Heliport
2543,CCR,12518962,Buchanan Field Airport
2545,JSG,12523382,San Rafael Heliport
2548,SCK,12522018,Stockton Metro Airport
2553,MOD,12520978,Modesto City County Airport-Harry Sham Field
2584,HHQ,12517753,Hua Hin Airport
2594,SGN,12522956,Tan Son Nhut Airport
2600,SGZ,12517785,Songkhla Airport
2612,KBR,12515011,Sultan Ismail Petra Airport
2614,ZAM,12515655,Zamboanga International Airport
2616,DVO,12515616,Francisco Bangoy International Airport
2631,SSN,12514227,????
2631,GMP,23388324,??????
2643,TYN,12512207,Taiyuan Wusu Airport
2646,KUV,12514209,????
2650,TAE,12514232,??????
2665,KMJ,12513981,????
2665,HSG,28360533,????
2674,SHA,23388248,Hongqiao Airport
2677,CZX,12523092,Changzhou Airport
2683,SZX,12523239,Shenzhen Airport
2685,SWA,12512184,Shantou Northeast Airport
2704,DMK,12517747,Don Muang International Airport
2704,BKK,56049647,Suvarnabhumi International Airport
2706,MNL,12515637,Ninoy Aquino International Airport
2713,BJS,12511989,Beijing Capital Airport
2718,WJU,28808960,????
2719,MPK,12514211,????
2725,USN,12514234,????
2727,TAO,12512130,Liuting Airport
2730,TSA,12517954,?????
2730,TPE,2306254,????????
2731,HGH,12512090,Jianoiao Airport
2732,WUH,12512230,Wuchang Nanhu Airport
2737,TAK,12513998,????
2738,HIW,12513957,??????
2740,CYI,12517927,?????
2740,PIF,12517951,?????
2740,TXG,12517956,?????
2740,TNN,12517957,?????
2756,URC,12523254,Diwopu Airport
2781,CXB,12510888,Coxs Bazar Airport
2784,CGP,12510886,Chittagong Airport
2806,COH,12513570,Cooch Behar Airport
2836,DAC,12510895,Zia International Airport Dhaka
2837,CCU,12513561,Netaji Subhash Chandra Bose International Airport
2858,TGG,12515012,Sultan Mahmud Airport
2860,PEN,12515004,Penang International Airport
2861,BWH,12514991,Butterworth Airport
2875,IPH,12514993,Ipoh Airport
2886,BTU,12514990,Bintulu Airport
2899,SRG,12513449,Achmad Yani Airport
2900,BDO,12513471,Bandara Husein Sastranegara Internasional Airport
2916,HLP,23388289,Halim Perdana Kusuma International Airport
2916,CGK,23388291,Bandara Udara Internasional Soekarno-Hatta
2917,QPG,12517522,Paya Lebar Airport
2917,XSP,12517523,Seletar Airport
2921,MKZ,12515001,Malacca Airport
2979,CTS,12523091,?????
2996,MCE,12520900,Merced Municipal Airport-Macready Field
3003,SGU,12521964,St George Municipal Airport
3004,LSN,12520707,Los Banos Municipal Airport
3006,SRU,12523401,Skypark Airport
3009,WVI,12522355,Watsonville Municipal Airport
3012,FAT,12519826,Fresno Yosemite International Airport
3013,FMN,12519792,Four Corners Regional Airport
3016,MRY,12521001,Monterey Peninsula Airport
3020,VIS,12522291,Visalia Municipal Airport
3022,CRO,12519317,Corcoran Airport
3026,LAM,12520705,Los Alamos Airport
3029,BGD,12520270,Hutchinson County Airport
3033,BFL,12520881,Kern County-Meadows Field Airport
3035,ABQ,12518564,Albuquerque International Airport
3041,SMX,12521743,Santa Maria Public Airport
3044,PMD,12521290,La/palmdale Regional Airport
3045,LPC,12520691,Lompoc Airport
3050,SBA,12521741,Santa Barbara Municipal Airport
3052,OXR,12521271,Oxnard Airport
3059,PSP,12521289,Palm Springs International Airport
3062,GEU,12519913,Glendale Municipal Airport
3062,LUF,12520723,Luke Air Force Base
3062,DVT,12521366,Phoenix Deer Valley Municipal Airport
3062,PHX,12521872,Sky Harbor International Airport
3072,BWC,12518921,Brawley Municipal Airport
3074,IPL,12520284,Imperial County Airport
3078,CXL,12519010,Calexico International Airport
3081,TUS,12522214,Tucson International Airport
3086,ELP,12519608,El Paso International Airport
3106,GYM,12514881,General Jose Maria Yanez in Airport
3112,LOV,12514922,Monclova Airport
3118,TRC,12514978,Torreon International Airport
3141,PVR,12514911,Lic Gustavo Diaz Ordaz International Airport
3144,ZMM,12514988,Zamora Airport
3151,STS,12521904,Sonoma County Airport
3152,LAS,12520849,Mccarran International Airport
3152,VGT,12521155,North Las Vegas Air Terminal
3155,APA,12519112,Centennial Airport
3155,WBU,12518900,Boulder Municipal Airport
3155,BFK,12518965,Buckley Air National Guard Base
3155,BJC,12520355,Jeffco Airport
3156,MCC,12520869,McClellan Air Force Base
3156,SAC,12521691,Sacramento Executive Airport
3156,MHR,12521692,Mather Airport
3157,IFP,12518972,Laughlin/bullhead Int'l Airport
3158,NIU,12520216,Honolulu International Airport
3159,FBK,12522306,Wainwright Army Air Field
3159,PII,12523300,Phillips Field Airport
3161,ANC,12518613,Anchorage International Airport
3167,EDF,12519634,Elmendorf Air Force Base
3167,MRI,12520909,Merrill Field Airport
3175,YPF,12524194,Esquimalt Airport
3178,BFI,12518877,King County International Airport-Boeing Field
3178,TCM,12520868,McChord Air Force Base
3178,SEA,12522066,Tacoma International Airport
3185,SLE,12520877,Mcnary Field Airport
3190,YVR,12511894,Vancouver International Airport
3192,HIO,12521452,Portland Hillsboro Airport
3192,PDX,12521453,Portland International Airport
3192,TTD,12521456,Portland Troutdale Airport
3202,ABZ,22450858,Aberdeen Dyce International Airport
3207,PSL,12524000,Perth Airport
3210,EDI,22463734,Edinburgh International Airport
3215,GLA,22482705,Glasgow International Airport
3221,PIK,22484413,Glasgow Prestwick International Airport
3226,BHD,23387943,George Best Belfast City Airport
3234,BLK,22454971,Blackpool Airport
3262,GLO,12518156,Gloucestershire Airport
3310,BUT,12523977,Burtonwood Airport
3310,MAN,22478032,Manchester International Airport
3312,DUB,23388266,Dublin Airport
3331,YYT,12511848,St John's International Airport
3343,BJI,12518794,Bemidji-Beltrami County Airport
3347,DLH,12519545,Duluth International Airport
3351,NGO,28298951,??????
3403,TOY,12514030,????
3437,IZO,12513969,????
3441,TTJ,12514029,????
3463,GAJ,12514035,????
3464,SDJ,12514015,????
3470,HND,23388311,??????
3479,CLD,12520851,Mcclellan Palomar Airport
3479,NKX,12520969,Miramar Naval Air Station
3479,TIJ,12514874,General Abelardo L Rodriguez International Airport
3479,SEE,12519901,Gillespie Field Airport
3479,NZY,12521154,North Island Naval Air Station-Halsey Field
3481,BUR,12518974,Burbank Glendale Pasadena Airport
3481,CCB,12519000,Cable Airport
3481,CNO,12519185,Chino Airport
3481,CPM,12519300,Compton Airport
3481,AJO,12519321,Corona Municipal Airport
3481,EMT,12519607,El Monte Airport
3481,RIR,12519737,Flabob Airport
3481,SNA,12520383,John Wayne Airport
3481,LGB,12520696,Long Beach Daugherty Field Airport
3481,SLI,12520704,Los Alamitos Army Air Field
3481,LAX,12520706,Los Angeles International Airport
3481,SBD,12521168,San Bernardino International Airport
3481,ONT,12521228,Ontario International Airport
3481,RAL,12521602,Riverside Municipal Airport
3481,SMO,12521744,Santa Monica Municipal Airport
3481,VNY,12522268,Van Nuys Airport
3481,WHP,12522426,Whiteman Airport
3481,JWC,12523147,Warner Center Business Plaza Heliport
3481,SBT,12523215,San Bernardino County Heliport
3481,JID,12523312,City of Industry Heliport
3481,JRD,12523325,Riverside Heliport
3481,JLB,12523379,Long Beach Heliport
3481,JOC,12523381,Santa Ana Centerport Heliport
3481,SFR,12523400,San Fernando Airport
3481,CCD,12523425,Century City Airport
3481,JCX,12523426,Citicorp Plaza Heliport
3481,JIO,12523434,Ontario International Heliport
3481,CVR,12524627,Hughes-Culver City Airport
3485,ITM,12514009,??????
3486,NKM,23388304,??????
3489,PAE,12521896,Snohomish County Airport-Paine Field
3517,PRM,12523961,Portimao Airport
3531,UTL,12523968,Aeropuerto de Torremolinos
3531,AGP,23232917,Aeropuerto de Málaga
3538,TTU,12514792,Sania Ramel Airport
3541,MLN,12517556,Aeropuerto de Melilla
3541,NDR,24554857,Nador Airport
3569,RBA,12514791,Sale Airport
3599,ERH,12514786,Er Rachidia Airport
3604,OZZ,12514789,Ouarzazate Airport
3608,AGA,12523043,Almassira Airport
3633,ZIG,12517511,Ziguinchor Airport
3634,OUA,12522555,Ouagadougou Airport
3638,BOY,12522554,Bobo Dioulasso Airport
3646,JMY,12523368,Mammy Yoko Heliport
3650,BYK,12513871,Bouake Airport
3673,ABJ,12513870,Abidjan Port Bouet Airport
3681,SVQ,12517571,Aeropuerto de Sevilla
3688,CKY,12513342,Conakry Airport
3689,CAS,12514780,Anfa Airport
3689,CMN,12514788,Mohamed V Airport
3696,RCH,12512362,Almirante Padilla Airport
3697,CZE,12522796,Jose Leonardo Chirinos Airport
3702,BAQ,12512376,Ernesto Cortissoz Airport
3707,CCS,12522849,Simon Bolivar International Airport
3711,PBL,12522759,Bartolome Salom Airport
3713,CUM,12522754,Antonio Jose de Sucre Airport
3716,CBS,12522825,Oro Negro Airport
3722,VLN,12522858,Zim Valencia Airport
3723,BLA,12522795,Jose Antonio Anzoategui Airport
3725,VCR,12522766,Carora Airport
3727,BRM,12522758,Barquisimeto Airport
3733,MUN,12522819,Maturin Airport
3740,AAO,12522752,Anaco Airport
3754,CLZ,12522762,Calabozo Airport
3756,BNS,12522757,Barinas Airport
3757,PZO,12523683,Puerto Ordaz Airport
3757,CGU,12522816,Manuel Carlos Piar Guayana Airport
3757,SFX,12523219,San Felix Airport
3758,CBL,12522769,Ciudad Bolivar Airport
3760,CUC,12512370,Camilo Daza Airport
3761,SFD,12522842,San Fernando de Apure Airport
3762,SCI,12522829,Paramillo Airport
3763,CXA,12522761,Caicara de Orinoco Airport
3774,BOG,12512375,Eldorado International Airport
3774,LAT,12523609,La Uribe Airport
3776,SOM,12522844,San Tome Airport
3779,HTW,12520583,Lawrence County Airpark
3781,LOU,12518909,Bowman Field Airport
3781,ZTV,12521983,Louisville International Airport
3787,LEX,24554866,Blue Grass Airport
3789,EVV,12519675,Evansville Regional Airport
3792,OWB,12521266,Owensboro Daviess County Airport
3796,RIC,12518996,Richmond International Airport
3800,ROA,12521606,Roanoke Regional Airport-Woodrum Field
3804,FAF,12519719,Felker Army Air Field
3804,LFI,12520568,Langley Air Force Base
3804,PHF,12521311,Newport News-Williamsburg International Airport
3808,BWG,12518908,Bowling Green-Warren County Regional Airport
3826,JWN,12520376,John C Tune Airport
3826,BNA,12521083,Nashville International Airport
3826,MQY,12521895,Smyrna Airport
3832,INT,12521891,Smith Reynolds Airport
3833,GCY,12519997,Greeneville Municipal Airport
3835,GSO,12522200,Triad International Airport
3841,RDU,12519551,Durham International Airport
3847,TYS,12520857,Mcghee Tyson Airport
3850,HKY,12520179,Hickory Regional Airport
3858,PGV,12521400,Pitt Greenville Airport
3866,GSB,12521806,Seymour Johnson Air Force Base
3867,THA,12522218,Tullahoma Regional Airport-William Northern Field
3873,POB,12521434,Pope Air Force Base
3875,CHA,12520716,Chattanooga Metro Airport
3881,GSP,12520010,Greenville Spartanburg International Airport
3885,NKT,12519168,Cherry Point Marine Corps Air Station
3902,TOC,12522150,Toccoa Rg Letourneau Field Airport
3907,ILM,12521109,Wilmington International Airport
3908,TUP,12522222,Tupelo Municipal-C D Lemons Airport
3912,GRD,12520011,Greenwood County Airport
3916,CAE,12519284,Columbia Metro Airport
3916,CUB,12519285,Columbia Owens Downtown Airport
3917,RYY,12519258,Cobb County Airport-Mccollum Field
3917,PDK,12519449,Dekalb Peachtree Airport
3917,MGE,12519503,Dobbins Air Reserve Base
3917,ATL,12522118,Hartsfield-Jackson Atlanta International Airport
3917,JAO,12523135,Beaver Ruin Heliport
3917,JAJ,12523411,Atlanta Perimeter Mall Heliport
3917,JAE,12523412,Atlanta Technology Park Heliport
3921,AHN,12518684,Athens-Ben Epps Airport
3922,SUM,12522046,Sumter Municipal Airport
3923,MYR,12521074,Myrtle Beach International Airport
3927,BHM,12518836,Birmingham Int'l Airport
3932,DNL,12519408,Daniel Field Airport
3935,HQU,12522135,Thomson-Mcduffie County Airport
3943,TCL,12522227,Tuscaloosa Municipal Airport
3944,SCD,12520905,Merkel Field Sylacauga Municipal Airport
3947,CHS,12519142,Charleston International Airport
3948,OKZ,12520421,Kaolin Field Airport
3953,AUO,12518697,Auburn Opelika Robert G Pitts Airport
3954,WRB,12521620,Robins Air Force Base
3956,MKF,12523385,Mckenna Army Air Field
3956,CSG,23418432,Columbus Metro Airport
3964,MXF,12520844,Maxwell Air Force Base
3965,MEI,12520455,Key Field Airport
3967,SVN,12520258,Hunter Army Air Field
3967,SAV,12521756,Savannah International Airport
3969,CKF,12519362,Crisp County-Cordele Airport
3974,NAB,12523410,Albany Naval Air Station
3983,BQK,12519920,Glynco Jetport Airport
3989,BFM,12518943,Brookley Airport
3996,NDP,12523388,Ellyson Naval Air Station
3996,PNS,12521335,Pensacola Regional Airport
3997,HRT,12520265,Hurlburt Field Airport
3998,VPS,12519601,Eglin Air Force Base
4003,PFN,12521294,Panama City Bay County Airport
4007,GNV,12519850,Gainesville Regional Airport
4010,DAB,12519432,Daytona Beach International Airport
4010,OMN,12521244,Ormond Beach Municipal Airport
4023,SPG,12518560,Albert Whitted Airport
4023,CLW,12519231,Clearwater Air Park
4023,PIE,12521978,St. Petersburg-Clearwater International Airport
4023,TPA,12522077,Tampa International Airport
4026,GIF,12522497,Winter Haven's Gilbert Airport
4029,VRB,12522279,Vero Beach Municipal Airport
4030,SRQ,12521750,Sarasota Bradenton Airport
4033,SUA,12522501,Witham Field Airport
4035,VNC,12522276,Venice Municipal Airport
4040,APF,12521078,Naples Municipal Airport
4047,STI,12512614,Cibao International Airport
4049,HEX,12512617,Herrera Airport
4055,SIG,12515661,Isla Grande Airport
4056,STT,12522972,Cyril E King International Airport
4056,SPB,12523060,St Thomas Seaplane Base
4059,MSB,12523315,Marigot Seaplane Base
4059,SFG,12513276,Grand Case-Esperance Airport
4063,SKB,12517381,Golden Rock Airport
4065,PTP,12513277,Le Raizet Airport
4074,ORF,12521146,Norfolk International Airport
4074,NGU,12521147,Norfolk Naval Air Station
4075,CLT,12519519,Douglas International Airport
4076,CRG,12519349,Craig Municipal Airport
4076,JAX,12520339,Jacksonville International Airport
4076,NIP,12520342,Jacksonville Naval Air Station
4077,ORL,12521242,Orlando Executive Airport
4077,MCO,12521243,Orlando International Airport
4077,DWS,12523435,Walt Disney World Airport
4078,MLB,12520889,Melbourne International Airport
4080,FMY,12521276,Page Field Airport
4082,BCT,12518876,Boca Raton Airport
4082,FXE,12519776,Fort Lauderdale Executive Airport
4082,FLL,12519836,Fort Lauderdale Hollywood International Airport
4082,TMB,12520438,Kendall Tamiami Executive Airport
4082,MIA,12520923,Miami International Airport
4082,HWO,12521157,North Perry Airport
4082,OPF,12521232,Opa Locka Airport
4082,LNA,12521287,Palm Beach County Park Airport
4082,PBI,12521288,Palm Beach International Airport
4082,PMP,12521431,Pompano Beach Airpark
4093,IAB,12520872,McConnell Air Force Base
4093,ICT,12522432,Wichita Mid-Continent Airport
4101,PLK,12520732,M Graham Clark Airport
4104,ASG,12521941,Springdale Municipal Airport
4105,SWO,12522014,Stillwater Municipal Airport
4106,PGR,12520477,Kirk Field Airport
4109,JBR,12520397,Jonesboro Municipal Airport
4113,TIK,12522143,Tinker Air Force Base
4113,PWA,12522439,Wiley Post Airport
4114,FSM,12519781,Fort Smith Regional Airport
4119,MEM,12520895,Memphis International Airport
4125,LIT,12518526,Adams Field Airport
4125,LRF,12520672,Little Rock Air Force Base
4125,RBM,12521621,Robinson Army Airfield
4131,UOX,12522253,University-Oxford Airport
4136,SPS,12521831,Sheppard Air Force Base
4159,BAD,12518742,Barksdale Air Force Base
4159,DTN,12521844,Shreveport Downtown Airport
4159,SHV,12521845,Shreveport Regional Airport
4193,HLR,12520217,Hood Army Air Field
4201,GTU,12519890,Georgetown Municipal Airport
4209,BIX,12520431,Keesler Air Force Base
4209,GPT,12520037,Gulfport Biloxi Regional Airport
4211,CXO,12521005,Montgomery County Airport
4216,CWF,12519160,Chennault International Airport
4217,LFT,12520518,Lafayette Regional Airport
4226,NEW,12520542,Lakefront Airport
4226,MSY,12521116,New Orleans International Airport
4226,NBG,12521117,New Orleans Naval Air Station-Alvin Callender Field
4226,BCS,12521919,Southern Seaplane Airport
4234,GLS,12521765,Scholes Field Airport
4250,MFE,12520953,Miller International Airport
4256,BRO,12518951,Brownsville-South Padre Island International Airport
4260,TAM,12514875,Gen Francisco J Mina International Airport
4274,TLC,12514900,Jose Maria Morelos Y Pavon Airport
4285,TCN,12514973,Tehuacan Airport
4297,GUA,12513336,La Aurora Airport
4303,TUL,12522219,Tulsa International Airport
4304,ADS,12518528,Addison Airport
4304,DAL,12519401,Dallas Love Field
4304,DNE,12519403,Dallas North Airport
4304,DFW,12519786,Dallas-Fort Worth International Airport
4304,FTW,12519787,Fort Worth Meacham International Airport
4304,GPM,12519954,Grand Prairie Municipal Airport
4304,RBD,12521547,Dallas Executive Airport
4305,HKS,12520129,Hawkins Field Airport
4305,JAN,12520336,Jackson International Airport
4306,AAP,12518619,Andrau Airpark
4306,EFD,12519629,Ellington Field Airport
4306,IAH,12520245,George Bush Intercontinental Airport
4306,SGR,12522035,Sugar Land Municipal Airport-Hull Field
4306,IWS,12522388,West Houston Lakeside Airport
4306,HOU,12522451,William P Hobby Airport
4306,JMA,12523420,Marriott Astrodome Airport
4306,CLC,12524620,Clear Lake City Metroport Airport
4307,SAT,12521716,San Antonio International Airport
4308,AZP,12514825,Atizapan Airport
4308,MEX,12514910,Lic Benito Juarez International Airport
4320,BIQ,12512842,Aéroport de Biarritz-Anglet-Bayonne
4326,SDR,12517568,Aeropuerto de Santander
4334,EAS,12517567,Aeropuerto de San Sebastian
4366,LGV,24554861,Aeropuerto de Logroño-Agoncillo
4383,VGO,12517579,Aeropuerto de Vigo
4400,CHV,12523959,Chaves Airport
4439,VSE,12515462,Viseu Airport
4458,COV,12515440,Covilha Airport
4477,LRH,12512909,Aéroport de la Rochelle-Ile de Ré
4479,BIO,12517541,Aeropuerto de Bilbao
4486,MAD,12517539,Aeropuerto de Madrid-Barajas
4486,TOJ,12517576,Base Aerea de Torrejón
4490,VIT,12517580,Aeropuerto de Vitoria
4496,BGZ,12515437,Braga Airport
4496,OPO,12515455,Aeroporto Francisco Sá Carneiro
4516,YWA,12524257,Petawawa Airport
4539,BGR,12518734,Bangor International Airport
4541,YWF,12523303,Downtown Waterfront Heliport
4545,GRB,12518709,Austin Straubel International Airport
4549,AUG,12518700,Augusta State Airport
4557,MTW,12520780,Manitowoc County Airport
4563,YOO,12511777,Oshawa Airport
4567,PWM,12520368,Jetport International Airport
4582,ROC,12519985,Greater Rochester International Airport
4584,CON,12519302,Concord Municipal Airport
4590,BUF,12519977,Greater Buffalo International Airport
4590,IAG,12521138,Niagara Falls International Airport
4593,SYR,12520075,Hancock International Airport
4597,FNT,12518841,Bishop International Airport
4599,PSM,12521322,Pease International Tradeport Airport
4614,ZLY,12518554,Albany International Airport
4614,SCH,12521763,Schenectady County Airport
4615,ASH,12518879,Boire Field Airport
4619,LAN,12519060,Lansing Capital City Airport
4632,ORH,12522514,Worcester Municipal Airport
4636,AZO,12520414,Kalamazoo-Battle Creek International Airport
4637,JXN,12520329,Jackson County Airport-Reynolds Field
4655,SBN,12520929,South Bend Regional Airport
4656,EKI,12524666,Elkhart Municipal Airport
4658,EWB,12521103,New Bedford Municipal Airport
4661,HYA,12518745,Barnstable Boardman Polando Airport
4667,SWF,12522012,Stewart International Airport
4673,DXR,12519406,Danbury Municipal Airport
4674,GON,12520029,Groton New London Airport
4692,HZL,12520145,Hazleton Municipal Airport
4693,CAK,12518548,Akron Canton Regional Airport
4708,ABE,12518581,Lehigh Valley International Airport
4718,RDG,12521537,Reading Regional Airport
4721,MDT,12520098,Harrisburg International Airport
4730,OSU,12521201,Ohio State University Airport
4730,CMH,12521441,Port Columbus International Airport
4739,HFY,12520013,Greenwood Municipal Airport
4739,IND,12520294,Indianapolis International Airport
4739,UMP,12520295,Indianapolis Metro Airport
4741,WRI,12520860,McGuire Air Force Base
4746,DAY,12520347,James M Cox Dayton International Airport
4746,FFO,12523376,Wright Patterson Air Force Base
4774,ANP,12523064,Lee Airport
4782,YHU,12511759,Aéroport de St-Hubert
4784,YCV,12511756,Cartierville Airport
4787,YRO,12511780,Rockcliffe Airport
4788,BTV,12518979,Burlington International Airport
4789,MHT,12520772,Manchester-Boston Regional Airport
4790,RAC,12520382,John H Batten Airport
4791,AKC,12518549,Fulton International Airport
4791,BKL,12518976,Burke Lakefront Airport
4791,CGF,12519394,Cuyahoga County Airport
4791,CLE,12520226,Hopkins International Airport
4791,LNN,12522468,Willoughby Lost Nation Municipal Airport
4792,SCR,12523399,Wilkes-Barre-Scranton Municipal Airport
4793,AGC,12518575,Allegheny County Airport
4793,PIT,12519983,Greater Pittsburgh International Airport
4794,DYL,12519530,Doylestown Airport
4794,TTN,12520901,Mercer County Airport
4794,ILG,12521105,New Castle County Airport
4794,PNE,12521161,Northeast Philadelphia Airport
4794,PHL,12521360,Philadelphia International Airport
4794,VAY,12521911,South Jersey Regional Airport
4794,BBX,12524570,Wings Field Airport
4799,ACY,12518689,Atlantic City International Airport
4799,AIY,12523062,Atlantic City Municipal Airport-Bader Field
4802,YZD,12511881,Toronto Downsview Airport
4802,YYZ,12511883,Toronto Lester B Pearson International Airport
4804,ZML,12519880,General Mitchell International Airport
4804,UES,12522358,Waukesha County Airport
4806,ARB,12518630,Ann Arbor Municipal Airport
4806,DTW,12519481,Detroit Metro Airport
4806,YIP,12522472,Willow Run Airport
4806,DET,12519479,Detroit City Airport
4806,PTK,12521181,Oakland County International Airport
4806,MTC,12521791,Selfridge Air National Guard Base
4806,DEO,12523299,Hyatt Regency Heliport
4810,MDW,12519178,Chicago Midway International Airport
4810,GYY,12519869,Gary/Chicago International Airport
4810,JOT,12520394,Joliet Regional Airport
4810,LOT,12520634,Lewis University Airport
4810,ORD,12521200,Chicago O'Hare International Airport
4810,PWK,12521282,Pal Waukee Airport
4810,CHI,12523051,Chicago Fss Airport
4810,UGN,12522357,Waukegan Regional Airport
4812,BBF,12524569,Burlington Airport
4812,BVY,12518817,Beverly Municipal Airport
4812,BOS,12519874,Gen E L Logan International Airport
4812,BED,12520579,Laurence G. Hanscom Field Airport
4812,PVD,12522119,Theodore Francis Green State Airport
4812,JBC,12523136,Boston City Heliport
4813,BDR,12520279,Igor I Sikorsky Memorial Airport
4813,BNH,12518744,Barnes Airport
4813,BDL,12518915,Bradley International Airport
4813,HFD,12520113,Hartford-Brainard Airport
4813,EHT,12521564,Rentschler Airport
4813,HVN,12522229,Tweed New Haven Airport
4813,CEF,12522401,Westover Metro Airport
4814,SMD,12521889,Smith Field Airport
4815,BLM,12518574,Allaire Airport
4815,CDW,12519660,Essex County Airport
4815,EWR,12521127,Newark International Airport
4815,TEB,12522105,Teterboro Airport
4815,ARX,12524563,Charles Wood Helipad
4816,HPN,12522396,Westchester County Airport
4818,BPA,12520033,Grumman Bethpage Airport
4818,JFK,12520380,John F Kennedy Int'l Airport
4818,LGA,12520509,LaGuardia Airport
4818,ISP,12520697,Long Island Macarthur Airport
4818,AYZ,12524568,Zahns Airport
4818,DPK,12524657,Deer Park Airport
4819,CVG,12519978,Greater Cincinnati International Airport
4819,HAO,12520064,Butler County Regional Airport
4820,ADW,12518620,Andrews Air Force Base
4820,IAD,12519544,Dulles International Airport
4820,MTN,12520827,Martin State Airport
4820,BWI,12522341,Baltimore-Washington International Thurgood Marshall Airport
4820,DCA,12522343,Washington National Airport
4820,BZS,12523372,Buzzards Point Seaplane Base
4820,CGS,12524611,College Park Airport
4826,RRL,12520910,Merrill Municipal Airport
4829,AUW,12522361,Wausau Downtown Airport
4832,ATY,12522349,Watertown Municipal Airport
4833,EAU,12519585,Eau Claire County Airport
4835,STE,12522009,Stevens Point Municipal Airport
4838,JMN,12523380,Mankato Municipal Heliport
4858,IOW,12520311,Iowa City Municipal Airport
4860,MLI,12521505,Quad City Airport
4862,OMA,12519653,Eppley Airfield
4873,SPI,12519058,Capital Airport
4876,MKC,12520419,Kansas City Downtown Airport
4889,JEF,12520356,Jefferson City Memorial Airport
4891,ANE,12518633,Anoka County-Blaine Airport
4891,MSP,12520966,Minneapolis St Paul International Airport
4891,JDT,12523430,Minneapolis Downtown Heliport
4896,STL,12520553,Lambert St Louis International Airport
4896,CPS,12521970,St Louis Downtown Parks Airport
4900,MAO,12511115,Aeroporto Internacional Eduardo Gomes
4900,PLL,12511279,Aeroporto Ponta Pelada
4901,QBX,12511332,Aeroporto Sobral
4905,THE,12511344,Aeroporto Senador Petrônio Portella
4907,MVF,12511111,Aeroporto Dix-Sept Rosado
4909,IMP,12511179,Aeroporto Prefeito Renato Moreira
4910,NAT,12511038,Aeroporto Internacional Augusto Severo
4911,QIG,12511176,Aeroporto Iguatu
4914,JPA,12511287,Aeroporto Internacional Presidente Castro Pinto
4917,CPV,12511202,Aeroporto Presidente João Suassuna
4929,PNZ,12511269,Aeroporto Senador Nilo Coelho
4930,PAV,12511266,Aeroporto Paulo Afonso
4933,MCZ,12511069,Aeroporto Internacional Zumbi dos Palmares
4934,APQ,12523476,Aeroporto Arapiraca
4948,JEQ,12511195,Aeroporto Jequie
4949,ITN,12511183,Aeroporto Itabuna
4955,CGB,12511228,Aeroporto Internacional Marechal Rondon
4959,ARS,12511028,Aeroporto Aragarcas
4964,APS,12511023,Aeroporto Anapolis
4968,BPS,12511284,Aeroporto Porto Seguro
4970,GYN,12511301,Aeroporto Santa Genoveva
4974,PIV,12523665,Aeroporto Pirapora
4985,POJ,12523657,Aeroporto Patos de Minas
4988,GVR,12511160,Aeroporto Governador Valadares
5001,UBA,12511357,Aeroporto Uberaba
5004,PLU,12511257,Aeroporto da Pampulha
5019,CGR,12511071,Aeroporto Internacional Campo Grande
5020,VOT,12523762,Aeroporto Votuporanga
5029,PSW,12523655,Aeroporto Passos
5034,SJP,12511317,Aeroporto Sao Jose do Rio Preto
5040,RAO,12511210,Aeroporto Leite Lopes
5063,CAW,12511048,Aeroporto Bartolomeu Lisandro
5064,AQA,12511033,Aeroporto Araraquara
5065,POO,12511276,Aeroporto Embaixador Walther Moreira Salles
5082,BAU,12511049,Aeroporto Bauru
5087,MEA,12511217,Aeroporto de Macaé
5096,REZ,12511291,Aeroporto Resende
5099,PJC,12523659,Amambay Airport
5113,SNZ,12511299,Aeroporto Santa Cruz
5113,SDU,12511312,Aeroporto Santos Dumont
5124,BJP,12523505,Aeroporto Braganca Paulista
5125,OUS,12511252,Aeroporto Ourinhos
5134,QDV,12511205,Aeroporto Jundiai
5142,GRU,12511170,Aeroporto Internacional Governador André Franco Montoro
5142,ZFU,12523485,Aeroporto Aruja
5142,CGH,23388212,Aeroporto Internacional de Congonhas
5146,MGF,12511231,Aeroporto Regional Silvio Name Júnior
5148,SOD,12511334,Aeroporto Sorocaba
5149,UBT,12511356,Aeroporto Ubatuba
5154,UMU,12511359,Aeroporto Ernesto Geisel
5171,CWB,12511012,Aeroporto Internacional Afonso Pena
5171,BFH,12511039,Aeroporto de Bacacheri
5176,AGT,12523540,Alejo Garcia Airport
5177,PNG,12511258,Aeroporto Municipal de Paranagua
5183,PTO,12511263,Aeroporto Municipal de Pato Branco
5190,CFC,12523508,Aeroporto Cacador
5193,NVT,12511240,Aeroporto Internacional Ministro Victor Konder
5199,CNT,12523535,Charata Airport
5203,PSS,12510533,Posadas Airport
5205,RES,12510540,Resistencia Airport
5206,CNQ,12510484,Corrientes Airport
5229,CXJ,12511068,Aeroporto Campo dos Bugres
5231,BGV,12523499,Aeroporto Bento Goncalves
5241,ALQ,12523463,Aeroporto Federal
5248,BUV,12523497,Bella Union Airport
5265,PET,12511267,Aeroporto Pelotas
5271,RIG,12511293,Aeroporto Rio Grande
5281,ROS,12510547,Rosario Airport
5318,PDP,12522563,Maldonado Airport
5333,REC,12511167,Aeroporto Internacional Gilberto Freyre
5335,SSA,12511112,Aeroporto Internacional Dep. Luís Eduardo Magalhães
5336,BSB,12511058,Aeroporto Internacional Juscelino Kubitschek
5345,CPQ,12523513,Aeroporto Internacional Campinas
5346,URG,12511295,Aeroporto Internacional Rubem Berta
5347,QNS,12511076,Aeroporto Canoas
5347,POA,12511298,Aeroporto Internacional Salgado Filho
5347,GCV,12523571,Aeroporto Gravatai
5348,EZE,12510496,Ministro Pistarini International Airport
5348,AEP,23388199,Aeroparque Jorge Newbery
5348,RLO,24554863,Merlo International
5349,MVD,12522559,Carrasco International Airport
5350,BVB,12511054,Aeroporto Internacional Boa Vista
5354,BEL,12511369,Aeroporto Internacional Val de Cans
5356,RSA,12510559,Santa Rosa Airport
5363,RDS,12510541,Rincon de Los Sauces Airport
5370,ZCO,12512332,Maquehue Airport
5388,CPG,12523522,Carmen de Patagones Airport
5405,CVI,12523511,Caleta Olivia Airport
5417,CRD,12510499,General Enrique Mosconi Airport
5419,SST,12510560,Santa Teresita Airport
5434,MDQ,12510518,Mar del Plata Airport
5438,MJR,12523634,Miramar Airport
5445,SJO,12512434,Juan Santamaria International Airport
5445,SYQ,23388260,Aeropuerto Nacional Tobias Bolanos
5447,PAC,12515428,Paitilla-Marcos A Gelabert International Airport
5452,SNC,12512632,General Ulpiano Paez Airport
5455,CUE,12512642,Mariscal Lamar Airport
5458,LOH,12523618,Loja Airport
5461,PIU,12515194,Capitan Concha Airport
5464,CIX,12515192,Cap J A Quinones Gonzales Airport
5469,PCL,12515216,Pucallpa Airport
5478,AYP,12515198,Cnl Alfredo Mendivil Duarte Airport
5480,CUZ,12515222,Velazco Astete Airport
5482,PIO,12515215,Pisco Airport
5484,JUL,12515207,Juliaca Airport
5504,OVL,12523648,Ovalle Airport
5528,TLX,12524458,Talca Airport
5538,SCL,12512304,Arturo Merino Benitez International Airport
5539,NVA,12524502,Neiva Lamarguita Airport
5540,ATF,12523470,Chachoan Airport
5543,CCP,12512311,Carriel Sur International Airport
5557,MEC,12512629,Eloy Alfaro Airport
5558,PVO,12512647,Reales Tamarindos Airport
5585,UCT,12517120,Ust Ukhta Airport
6010,OMS,12516609,Omsk Southwest Airport
6309,BXH,12514283,Balkhash Airport
6310,BKA,12515878,Bykovo Airport
6310,SVO,12516860,Sheremtyevo Airport
6340,CEK,12515894,Chelyabinsk Balandino Airport
6355,SGC,12516957,Surgut North Airport
6356,NJC,12516511,Nizhnevartovsk Northwest Airport
6361,CEE,12515900,Cherepovets Airport
6362,PEE,12515842,Bolshesavino Airport
6388,RTW,12516819,Saratov Airport
6406,OUL,12512792,Oulun lentoasema
6440,TRD,12515128,Trondheim Lufthavn Værnes
6464,JOE,12512772,Joensuun lentoasema
6539,HEL,12512766,Helsinki-Vantaan lentoasema
6539,HEM,23388273,Helsinki-Malmin lentoasema
6541,OSL,12515119,Oslo Lufthavn Gardermoen
6573,BMA,12517616,Stockholm-Bromma flygplats
6580,TLL,12512744,Ulemiste Airport
6618,NYO,12517663,Stockholm-Skavsta Flygplats
6631,TAY,12523797,Ulenurme Airport
6636,THN,12517685,Trollhättan Vänersborgs Flygplats
6653,GSE,12517675,Göteborg City Flygplats
6655,VVK,12523972,Västervik Flygplats
6679,RIX,12514576,Riga Airport
6689,HAD,12517635,Halmstad Flygplats
6708,AGH,23319131,Ängelholm Flygplats
6715,RNB,12517671,Ronneby Airport
6723,JHE,12523141,Helsingborg Heliport
6755,VEJ,12523335,Vejle Lufthavn
6768,MMX,23318094,Malmö-Sturup Flygplats
6806,GWT,22294483,Westerland Airport
6923,BZG,12523956,Szwederowo Airport
6990,POZ,12515333,Lawica Airport
7022,BWE,22176819,Braunschweig Airport
7097,CBU,12523857,Cottbus Airport
7126,NRN,12513156,Düsseldorf Niederrhein Flughafen
7229,UCK,12518337,Lutsk Airport
7249,EGO,12515790,Belgorod North Airport
7314,ZTR,12524016,Zhitomir Airport
7359,MXR,12524012,Mirgorod Airport
7441,HMJ,12518289,Khmelnitskiy Airport
7514,ARN,12517610,Stockholm-Arlanda flygplats
7519,TRF,12515126,Sandfjord Lufthavn Torp
7555,HAM,22211603,Hamburg Airport
7556,BRE,22177393,Bremen Airport
7561,WAW,12515363,Okecie International Airport
7596,AAL,12512587,Ålborg Lufthavn
7599,ZGH,22851127,Københavns Lufthavn
7604,TXL,22164086,Flughafen Berlin-Tegel
7604,THF,22164089,Tempelhof Central Airport
7604,SXF,22276234,Berlin-Schonefeld International Airport
7606,GUT,12513116,Gutersloh Airport
7611,UMY,12524014,Sumy Airport
7612,IEV,12518501,Zhulyany Airport
7615,HRK,12518282,Kharkov Airport
7674,AYH,12518030,Alconbury Airport
7676,CBG,22458071,Cambridge Airport
7683,UTC,23195459,Vliegbasis Soesterberg
7691,QAR,12515084,Deelen Airport
7720,HTF,12518098,Hatfield Aerodrome
7768,LGW,23387567,London Gatwick Airport
7779,SOU,22488616,Southampton International Airport
7780,CQF,12523087,Aéroport Calais-Dunkerque
7785,BSH,12523976,Brighton Airport
7862,RNS,12512973,Aéroport de Rennes-Saint-Jacques
7872,AMS,22386730,Amsterdam Airport Schiphol
7880,LGG,12510845,Bierset Airport
7880,MGL,22246822,Dusseldorf Monchengladbach Airport
7880,DUS,23024911,Dusseldorf International Airport
7880,CGN,23030981,Flughafen Köln-Bonn
7882,HEN,12523987,Hendon Aerodrome
7882,RCS,12524003,Rochester Airport
7882,XET,22475376,London City Airport
7882,BQH,22493878,Biggin Hill Airport
7884,EIN,12515087,Eindhoven Airport
7886,ANR,22028955,Internationale Luchthaven Antwerpen
7886,BRU,22103751,Luchthaven Brüssel Nationaal
7891,CRL,22048658,Brussels South-Aeroport dé Charleroi Så
7896,DCS,12518090,Doncaster Finningley Airport
7896,XNM,12518136,Nottingham Airport
7896,LBA,22471856,Leeds Bradford Airport
7896,DSA,22656550,Sheffield Airport
7898,QQY,22454274,Birmingham International Airport
7905,PME,12523999,Portsmouth Airport
7955,AER,12515677,Adler Airport
7958,TZX,12523250,Trabzon Air Base
8036,KLU,12510824,Aeroporto de Klagenfurt
8049,CDF,12513815,Fiames Airport
8074,SZD,12513429,Szeged Airport
8091,GVA,23365569,Aéroport International de Genève
8104,ARW,12515518,Ceala Airport
8108,BLX,12523919,Belluno Airport
8129,TRS,12513859,Ronchi Dei Legionari Airport
8132,NCY,12512937,Aéroport d'Annecy-Haute Savoie
8184,JLO,12523914,Jesolo Airport
8235,RJK,12513371,Rijeka Krk Airport
8246,AHZ,12523836,L'alpe-D'huez Airport
8268,SIP,12518424,Simferopol North Airport
8278,BEG,12517583,Surcin Airport
8324,OTP,12515558,Otopeni Airport
8324,BBU,23388350,Aeroportul National Bucuresti-Baneasa
8333,GOA,12513821,Genoa Cristoforo Colombo Airport
8341,BAE,12523804,Saint-Pons Airport
8348,CRA,12523964,Craiova Airport
8364,ALL,12513797,Albenga Airport
8413,INI,12517587,Nis Airport
8423,VAR,12511529,Topoli Airport
8451,SOF,12511552,Vrazhdebna Airport
8476,SZR,12523779,23 Helicopter Air Base
8483,TGD,12517592,Titograd Airport
8520,AJA,12512869,Aéroport International Ajaccio-Campo Dell'oro
8568,SSX,12523232,Samsun Airport
8590,DRM,12523870,Drama Airport
8613,OLB,12513840,Olbia Costa Smeralda Airport
8640,SKG,12513329,Thessaloniki Airport
8649,BDS,12513811,Casale Airport
8675,BTZ,12517876,Bursa Airport
8711,ASR,12517886,Erkilet Airport
8754,REG,22315780,Aeroporto di Reggio Calabria
8778,DNZ,12523098,Cardak Airport
8786,CTA,22307044,Catania Fontanarossa Airport
8819,BJV,12523053,Milas Airport
8820,ADA,12517911,Sakirpasa Airport
8824,AYT,12517869,Antalya Airport
8830,AAE,12510325,El Mellah Airport
8836,TUN,23388364,Aeroport Tunis
8840,GJL,12510349,Taher Airport
8878,RHO,12513316,Paradisi Airport
8915,CHQ,12513324,Souda Airport
8919,TEE,12510351,Tebessa Airport
8923,HER,12513291,Iraklion Airport
8939,SFA,12517857,El Maou Airport
8956,GAE,12517858,Gabes Airport
8975,DAM,12517698,Damascus International Airport
8984,HFA,12513795,U Michaeli Airport
9006,MRA,12514660,Misurata Airport
9038,BZO,12513807,Bolzano Airport
9044,LUG,23354864,Aeroporto di Lugano-Agno
9048,ZAG,12513376,Zagreb Airport
9049,VIC,12513868,Vicenza Airport
9049,VRN,22592277,Aeroporto di Verona-Villafranca
9058,PMF,12513845,Parma Airport
9070,SPU,12513372,Split Airport
9074,PEG,12513847,Perugia Airport
9077,PSR,12513848,Pescara Airport
9080,CIA,22307480,Ciampino Airport
9088,JKH,12513287,Chios Airport
9092,ALG,12510331,Houari Boumediene Airport
9095,MIR,12517860,Habib Bourguiba International Airport
9102,BEY,23388329,Beirut International Airport
9104,ADJ,23388321,Al Matar Airport
9107,TSF,22321438,Aeroporto di Treviso-Sant'angelo
9108,SWK,12523358,Segrate Airport
9108,MXP,22306432,Malpensa International Airport
9108,BGY,22309691,Orio Al Serio Airport
9109,SBZ,12515589,Turnisor Airport
9111,QPA,12513841,Padova Airport
9113,TRN,12513862,Turin International Airport
9117,BLQ,12513806,Bologna Airport
9121,RMI,12513855,Rimini Airport
9122,PSA,12513850,Pisa Airport
9123,JCA,12523296,Croisette Heliport
9123,XXT,12523829,Sophia Antipolis Heliport
9123,CEQ,22878800,Aéroport de Cannes-Mandelieu
9133,BRI,12513843,Palese Macchie Airport
9137,SAW,23416958,Istanbul Sabiha Gokcen Airport
9165,CMF,12512839,Aéroport de Chambéry-Aix-les-Bains
9168,EBU,12512859,Aéroport de Saint-Etienne-Bouthéon
9175,AUR,12512848,Aéroport d'Aurillac
9209,CCF,12512962,Aéroport de Carcassonne-Salvaza
9229,CTT,12512918,Le Castellet Airport
9229,TLN,12512920,Aéroport de Toulon-Hyères
9229,MRS,12512931,Marignane Airport
9229,AVN,12523803,Aéroport d'Avignon
9232,LYN,12512866,Aéroport de Lyon-Bron
9232,LYS,12512963,Aéroport de Lyon Saint-Exupéry
9233,CFE,12512847,Aéroport de Clermont-Ferrand
9235,GRO,23268768,Aeropuerto de Girona
9241,ORN,12510326,Es Senia Airport
9258,BVE,12512905,La Roche Airport
9260,BOD,12512934,Aéroport de Bordeaux
9272,MDM,12512940,Mont de Marsan Airport
9273,TLS,12512856,Aéroport de Toulouse-Blagnac
9273,XYT,12512941,Montaudran Airport
9390,ROV,12516787,Rostov East Airport
9401,ZTN,12514631,Trencin Airport
9416,KSC,12514604,Barca Airport
9438,PZY,12514620,Piestany Airport
9471,MUC,22923040,Franz-Josef-Strauss Airport
9476,ZNI,12514617,Nitra Southeast Airport
9477,ERD,12518200,Berdyansk Airport
9517,MCQ,12513412,Borsod Megyei Airport
9519,CMR,12523806,Aéroport de Colmar-Houssen
9556,SZG,12510826,Flughafen Salzburg
9584,BSL,12523049,Euroairport Basel-Mulhouse-Freiburg
9592,DEB,12523875,Debrecen Airport
9605,ACH,23344872,Flugplatz St. Gallen-Altenrhein
9641,IAS,12515544,Iasi North Airport
9659,GRZ,22014356,Flughafen Graz
9704,QKA,12513141,Karlsruhe Forchheim Airport
9704,WIE,12513260,Wiesbaden Air Base
9704,MHG,22243020,Mannheim City Airport
9704,ZRB,22981759,Flughafen Frankfurt Åm Main
9705,STR,22236827,Stuttgart Airport
9708,SXB,12512892,Aéroport International Strasbourg
9712,VIE,22022012,Flughafen Wien-Schwechat
9714,BTS,12514608,Bratislava Airport
9730,UHE,12523786,Uherske Hradiste Airport
9732,AGB,12513043,Augsburg Muhlhausen Airport
9737,BUD,12513389,Ferihegy Airport
9738,ZRH,22442771,Zurich International Airport
9780,DIJ,12512926,Aéroport de Dijon-Bourgogne
9797,CHR,12512890,Aéroport Marcel Dassault-Châteauroux Déols
9801,JEV,12523811,Evry Heliport
9801,TNF,12523833,Toussus-le-Noble Airport
9801,CDG,22140453,Aéroport Roissy-Charles de Gaulle
9801,ORY,22144181,Aéroport de Paris Orly
9847,LOS,12515073,Lagos Murtala Muhammed Airport
9855,ENU,12515063,Enugu Airport
9857,COO,12510939,Cotonou Cadjehon Airport
9858,BNI,12515060,Benin Airport
9901,CBQ,12515061,Calabar Airport
9912,DLA,12512348,Douala Airport
9913,TKC,12512353,Tiko Airport
9915,YAO,12512354,Yaounde Airport
9915,NSI,12523057,Nsimalen Airport
9919,IBA,12515065,Ibadan Airport
9954,ACC,12513022,Kotoka International Airport
9970,APL,12515027,Nampula Airport
9973,MDK,12511971,Mbandaka Airport
9996,GOM,12511956,Goma International Airport
10029,BJM,12511564,Bujumbura Airport
10030,ARK,24554855,Arusha Airport
10051,KGA,12511960,Kananga Airport
10055,SZA,12510454,Soyo Airport
10120,OHI,12522988,Oshakati Airport
10129,TSB,12522992,Tsumeb Airport
10143,ERS,12522975,Eros Airport
10155,PTG,12517460,Polokwane International Airport
10160,PHW,12517419,Hendrik Van Eck Airport
10195,MPM,12515021,Maputo Airport
10217,NCS,12517453,Newcastle Airport
10234,BFN,12517423,J B M Hertzog Airport
10239,PZB,12517459,Pietermaritzburg Airport
10261,ELS,12517396,Ben Schoeman Airport
10264,OUH,12517454,Oudtshoorn Airport
10268,PLZ,12517413,H F Verwoerd Airport
10269,CPT,12517402,Cape Town International Airport
10269,XYS,12517501,Ysterplaat Airport
10280,WIL,12514078,Nairobi Wilson Airport
10281,BZV,12511945,Brazzaville Maya Maya Airport
10283,JNB,12517424,OR Tambo International Airport
10283,QRA,12517469,Rand-Geriston Airport
10283,WKF,12517496,Waterkloof Airport
10283,PRY,12517500,Wonderboom Airport
10283,HIC,12523365,Iscor Heliport
10283,HPR,12523366,Pretoria Central Heliport
10283,HCS,12523367,Randburg Heliport
10286,DUR,12517440,Louis Botha Airport
10286,VIR,12517493,Virginia Airport
10290,MRU,12514796,Plaisance International Airport
10294,RUN,12515488,Saint Denis Gillot Airport
10335,WVK,12514699,Manakara Sud Airport
10338,TLE,12514710,Toliara Airport
10352,LHE,12515245,Lahore Airport
10429,MRX,12513705,Bandar Mashur Airport
10460,MUX,12515251,Multan Airport
10511,SYZ,12513764,Shiraz International Airport
10526,ZAH,12513773,Zahedan International Airport
10573,BUZ,12513710,Bushehr Airport
10645,NAL,12513638,Bikaner Airport
10667,SKZ,12515270,Sukkur Airport
10692,BND,12513703,Bandar Abbass International Airport
10693,AGR,12513528,Agra Airport
10718,DHA,12517333,Dhahran International Airport
10753,GWL,12513589,Gwalior Airport
10854,UDR,12513688,Udaipur Airport
10866,AZI,12517732,Bateen Airport
10916,BHO,12513540,Bairagarh Airport
10919,BHJ,12513554,Bhuj Airport
10927,AMD,12513529,Sardar Vallabhbhai Patel International Airport
10942,IDR,12513600,Devi Ahilyabai Holkar International Airport
10959,BDQ,12513692,Vadodara Airport
10961,RAJ,12513661,Rajkot Airport
10963,RRK,12513664,Rourkela Airport
10992,PBD,12513653,Porbandar Airport
11003,TIF,12517372,Taif Airport
11061,ISK,12513640,Gandhinagar Airport
11076,PZU,12517603,Port Sudan International Airport
11120,AHB,12517317,Abha Airport
11162,GIZ,12517335,Gizan Airport
11231,CDP,12513571,Cuddapah Airport
11257,HAL,12513543,HAL Bangalore International Airport
11285,CJB,12513569,Peelamedu Airport
11309,DIR,12512756,Aba Tenna Dejazmatch Yilma Airport
11313,ADD,12512758,Bole International Airport
11346,MGQ,12517532,Mogadishu Airport
11351,DEL,12513599,Indira Gandhi International Airport
11354,PAT,12513651,Lok Nayak Jaiprakash Airport
11361,STV,12513677,Surat Airport
11390,BOM,12513559,Chhatrapati Shivaji International Airport
11391,PNQ,12513655,Pune Airport
11394,MAA,12513629,Chennai International Airport
11400,TUU,12517371,Tabuk Airport
11417,UVL,12512700,New Valley Airport
11420,ABS,12512656,Abu Simbel Airport
11427,KRT,12517601,Khartoum Airport
11440,EBD,12517598,El Obeid Airport
11468,ALY,23388264,An-Nuzhah Airport
11522,PSD,12512701,Port Said Airport
11526,CAI,12512678,Cairo International Airport
11540,EDL,12514065,Eldoret Airport
11553,ASF,12515745,Astrakhan Southeast Airport
11567,MCX,12516386,Makhachkala-Uytash Airport
11627,RZR,12513751,Ramsar Airport
11676,TBZ,12513767,Tabriz Airport
11679,RAS,12513752,Rasht Airport
11680,THR,12513746,Mehrabad International Airport
11687,DRW,12510651,Darwin International Airport
11690,CNS,12510623,Cairns International Airport
11693,BME,12510620,Broome International Airport
11695,TSV,12510800,Townsville Airport
11698,ISA,12510745,Mount Isa Airport
11704,GEA,12523111,Magenta Airport
11706,ROK,12510773,Rockhampton Airport
11711,GLT,12510675,Gladstone Airport
11715,BDB,12510621,Bundaberg Airport
11724,BNE,23388207,Brisbane International Airport
11725,TWB,12510799,Toowoomba Airport
11727,SFP,12523218,Surfers Paradise Airport
11735,CFS,12510636,Coffs Harbour Airport
11762,GOS,12523114,Gosford Airport
11767,GFF,12510681,Griffith Airport
11771,ADL,1107231,Adelaide International Airport
11784,AKL,12515151,Auckland International Airport
11784,MHB,12523172,Auckland Mechanics Bay Seaplane Base
11801,GIS,12515154,Gisborne Airport
11806,PMR,12515164,Palmerston North Airport
11813,NSN,12515160,Nelson Airport
11814,WLG,12515175,Wellington International Airport
11817,CHC,12515152,Christchurch International Airport
11817,ZWG,12515180,Wigram Aerodrome
11824,RSE,12523330,Au-Rose Bay Airport
11824,SWZ,12523448,Sydney West Airport
11824,ZDN,23388205,Kingsford Smith Airport
11825,MEL,23388202,Melbourne International Airport
11829,JAD,12510760,Perth Jandakot Airport
11829,PER,12510761,Perth International Airport
11830,CBR,12510625,Canberra International Airport
11831,ABX,12510583,Albury Airport
