2,,12517536,Aeropuerto de Almería
7,GIB,12513027,Gibraltar Airport
8,,56051882,Aérodrome de Nîmes-courbessac
8,MPL,12512897,Aéroport de Montpellier-Mediterranee
8,,12512899,Aéroport International de Nîmes-Arles-Camargue
8,BZR,12512985,Aéroport Béziers-Vias
8,,56051860,Aérodrome de Pézenas-nizas
8,,56051863,Aérodr de Montpellier-candillargues
11,PGF,12512957,Aéroport International Perpignan-Rivesaltes
19,,12517564,Aeropuerto de Reus
19,BCN,22411879,Aeropuerto de Barcelona
19,,22656494,Aeropuerto dé Sabadell
19,,56049667,Aeroclub Del Bages
22,JRB,12523144,Downtown Manhattan Heliport
22,,12523185,New York Skysports Inc. Seaplane Base
22,,12523347,Battery Park-North Cove Seaplane Base
22,TSS,12523248,East 34th Street Heliport
22,,12523319,East 60th Street Heliport
35,,12515766,Balakhnya Airport
44,,12515924,Chuna Airport
47,,12516989,Tayshet South Airport
51,,12516510,Nizhneudinsk Airport
64,IKT,12516044,Irkutsk Southeast Airport
67,,12515915,Chita-Kadala Airport
71,,12517072,Ulan Ude East Airport
97,,12512220,Tung Shan Airport
102,,12516322,Kyubeyy Airport
114,,12517249,Yelovaya Airport
120,,12516327,Kyzyl South Airport
141,,12516939,Stavropol West Airport
142,,12515821,Blagodarnoyy Airport
152,,12516093,Kararyube Airport
162,,12517258,Yessentuki Airport
163,,12516495,Nezlobnaya Airport
178,,12516090,Karachayevsk Airport
196,ALA,12514259,Alma Ata Airport
196,,12514260,Alma Ata North Airport
196,,12514261,Alma Ata Northwest Airport
202,,12516615,Ordzhonvldzevskaya Airport
203,OGZ,12516613,Ordzhonikidze North Airport
203,,12516614,Ordzhonikidze West Airport
223,,12514109,Milyanfan Airport
225,,12514122,Tokmak Airport
232,,12514117,Przhevalsk Airport
249,TBS,12513015,Tbilisi-Noyo Alekseyevka Airport
249,,12513016,Tbilisi-Soganlug Airport
251,,12512112,Kuqaxian Airport
256,,12522732,Turtkul Airport
257,,12514450,Sary Agach Airport
257,,12522724,Tashkent Airport
257,TAS,12522725,Tashkent South Airport
262,,12513014,Tbilisi-Marneuli Airport
272,,12511976,Aksu Airport
275,,12522741,Yangi Yul Airport
276,,12522731,Toy Tepa Airport
282,,12514096,Dzhalal Abad Airport
282,,12522572,Aim Southeast Airport
290,AZN,12522576,Andizhan Airport
294,,12522698,Pap East Airport
296,,12523169,Gyumri Airport
308,OSS,12514111,Osh Airport
308,,12514113,Osh West Airport
312,,12522619,Gulistan North Airport
322,,12522602,Dimitrovskoye Airport
332,,12517806,Isfara Airport
344,,12522647,Katta-Kurgan East Airport
353,BHK,12522588,Bukhara Airport
354,,12522689,Ndb Krasnogvardeysk Airport
380,,12522658,Kitab Northwest Airport
390,KSQ,12522643,Karshi South Airport
398,,12522620,Guzar Airport
415,,12517960,Ashkhabad Northwest Airport
424,,12517996,Mary North Airport
424,MYP,12517997,Mary Northeast Airport
436,,12518007,Tedzhen Airport
441,,12522727,Termez Airport
473,AFZ,12513753,Sabzevar Airport
487,,12523246,Zhangguizhuang Airport
488,NHA,12523189,Nha-Trang Airport
489,,12512102,Jinxian Southeast Airport
489,,12512277,Yingchengzi Airport
489,DLC,23388254,Chou Shui Tzu Airport
491,,12515007,Simpang Airport
491,SZB,12515008,Sultan Abdul Aziz Shah Airport
493,DXB,23388362,Dubai International Airport
495,,12517347,King Faisal Naval Base
495,JED,23388353,King Abdul Aziz International Airport
505,,12513909,Kirkuk Airport
539,HDM,12513727,Hamadan Airport
546,SDT,12515266,Saidu Sharif Airport
567,,12513725,Gonabad Airport
603,,12513892,Baqubah Airport
606,ISB,12515238,Islamabad International Airport
606,,12515259,Qasim Airport
614,,12513729,Ilam Airport
616,OHT,12515243,Kohat Airport
683,XBJ,12513708,Birjand Airport
692,,12513606,Jammu Airport
723,DEF,12513715,Dezful Airport
725,,12515228,Chashma Airport
743,,12515276,Wana Airport
755,BHW,12515267,Bhagatanwala Airport
755,SGI,12523059,Sargodha Airport
763,,12513745,Masjed Soleiman Airport
780,DSK,12515232,Dera Ismail Khan Airport
820,GRV,12516015,Groznyy Airport
820,,12516016,Groznyy East Airport
821,,12514097,Frunze Airport
826,,12522649,Kayki Airport
827,NMA,12522684,Namangan Airport
827,,12522685,Namangan Northeast Airport
830,,12522661,Kokand Airport
830,,12522663,Kokand South Airport
830,,12522664,Kokland Southeast Airport
830,,12522740,Yangi Kurgan Airport
830,,12522745,Yaydan Northeast Airport
832,,12517809,Kalacha Northeast Airport
833,,12517823,Leninabad Airport
834,,12510427,Yerevan-Parakar Airport
834,,12510428,Yerevan-Yegvard Airport
845,KSH,12513702,Bakhtaran Airport
847,,12515240,Kamra Airport
847,PEW,12515258,Peshawar Airport
847,,12515264,Risalpur Airport
847,,12515272,Tarbela Dam Airport
851,,12513883,Al Taji Airport
851,BGW,12513890,Al Muthana Airport
851,,12513916,Qasr Tall Mihl Airport
851,,12513920,Rasheed Airport
851,SDA,12513921,Baghdad International Airport
856,,12516263,Krasnoyarsk Airport
857,,12514107,Kyzyl Kiya Airport
857,,12522672,Kuva West Airport
857,,12522677,Margelan Airport
859,,12522608,Dzhamby Airport
862,MHD,12513744,Mashhad Airport
865,,12513700,Badr Air Force Base
876,AEH,12511930,Abeche Airport
879,,12515047,Niamey Airport
887,NDJ,12511933,Ndjamena Airport
889,,12515072,Kano Mallam Aminu International Airport
949,BBT,12512447,Berberati Airport
958,,12515068,Jos Old Airport
959,,12515070,Kaduna Old Airport
961,RBR,12511288,Aeroporto Internacional Presidente Médici
962,,12510907,Jorge Henrich Arauz Airport
963,LPB,12510906,El Alto International Airport
964,CBB,12510908,Jorge Wilsterman Airport
973,TJA,12510904,Capitan Oriel Lea Plaza Airport
983,,12510509,Jujuy Aeroclub Airport
987,TUC,12510566,Teniente Benjamin Matienzo Airport
992,,12510562,Santiago del Estero Airport
993,,12510471,Catamarca Aeroclub
995,,12510498,Frias Airport
1015,COR,12510482,Ingeniero Ambrosio L.V. Taravella International Airport
1015,,12510494,Escuela de Aviacion Militar
1018,,12510553,San Juan Aeroclub Airport
1024,,12523759,Villa Dolores Airport
1030,,12510456,Aeroparque Ciudad Mendoza
1030,MDZ,12510491,El Plumerillo Airport
1030,,12510512,La Puntilla Airport
1034,,12510554,San Luis Airport
1042,VGS,12523570,General Villegas Airport
1044,,12510517,Malargue Airport
1046,,12510500,General Pico Airport
1049,SRZ,12510905,El Trompillo Airport
1051,,12511922,Yellowknife Airport
1070,,12511994,Chang Chun East Airport
1079,,12512267,Yanji South Airport
1104,,12512001,Chaoyang Airport
1110,,12511990,Beiling Airport
1110,SHE,12512041,Dongta Airport
1110,,12512082,Hunhe Airport
1110,,12512282,Yu Hung Tun Airport
1139,,12512292,Zhangjiakou Southeast Airport
1151,BAV,12511987,Baotou Airport
1176,,12514170,Sinuiju Airport
1198,JGN,12512095,Jiayuguan Airport
1202,DSN,12512040,Dongsheng Airport
1230,,12512301,Zhuoxian Airport
1264,,12511985,Baoding Airport
1289,,12512275,Yinchuan Airport
1293,,12512286,Yulin Airport
1293,,12512287,Yulin West Airport
1304,,12512189,Shijazhuang Airport
1309,,12514222,Solak Airport
1325,,12514199,A 306 Airport
1339,,12514206,Kangnung Airport
1358,YNT,12523272,Yantai Airport
1459,,12512229,Wexian Airport
1462,XNN,12512251,Xining Airport
1464,CJJ,12514203,??????
1475,,12512261,Yanan Airport
1512,,12511647,Edmonton City Centre Airport
1513,,12511651,Edson Airport
1522,,12511710,Kamloops Airport
1523,,23388227,Regina Airport
1526,YYC,12511594,Calgary International Airport
1527,,12511748,Medicine Hat Airport
1528,,12511712,Kelowna International Airport
1539,SFF,12519720,Felts Field Airport
1540,COE,12519264,Coeur d'Alene Air Term Airport
1544,MWH,12519959,Grant County International Airport
1544,,12523384,Larson Air Force Base
1549,,12522262,Vagabond Army Air Field
1549,YKM,12522526,Yakima Air Terminal
1552,,12521584,Richland Airport
1552,PSC,12522188,Tri Cities Airport
1552,,12522292,Vista Field Airport
1573,,12511982,Anyang Airport
1583,,12514205,Jhunju Airport
1607,,12512302,Zhuwu Airport
1616,,12514213,Onyang Highway Strip Airport
1631,,12512158,Pingliang Airport
1648,,12514210,????
1648,,12514212,Naegi Ri Highway Strip Airport
1657,HIN,12514226,????
1684,,12512105,Jiyuan Airport
1696,CGO,12523109,Zhengzhou Airport
1715,,12512268,Yanliang Airport
1721,LYA,12523313,Luoyang Airport
1745,,12512017,Chiu Li Shan Airport
1745,,12512023,Daguozhang Airport
1749,HIJ,28360532,????
1761,SIA,12512238,Xiguan Airport
1777,TKS,12514027,????
1780,UBJ,12514036,??????
1781,,12511996,Changge Airport
1798,MYJ,12513985,????
1832,,12513978,????
1838,,12512263,Yancheng Airport
1845,JCJ,12523361,Chu Ja Heliport
1863,JSP,12523360,Sogwipo Heliport
1869,HZG,12512068,Hanzhong Airport
1880,,28360573,???????
1884,,12512152,Nanyang Airport
1918,,12512291,Yuxikou Airport
1918,,12523190,Nanjing Lukou International Airport
1935,,12523350,Nantong Airport
1945,,12512029,Danyang Airport
1959,,12513971,?????
2010,BIL,12520688,Logan International Airport
2015,,29388006,Lien Airfield
2016,,12519937,Gopher Gulch Airport
2022,IDA,12519708,Fanning Field Airport
2023,RBG,12521657,Roseburg Regional Airport
2030,MFR,12520884,Rogue Valley International-Medford Airport
2034,HIF,12520184,Hill Air Force Base
2034,OGD,12521198,Ogden Hinckley Airport
2035,CYS,12519176,Cheyenne Airport
2035,,12523415,Francis E. Warren Air Force Base
2039,SLC,12521709,Salt Lake City International Airport
2039,,12521710,Salt Lake City Municipal Airport
2039,BTF,12521880,Skypark Airport
2041,,56049499,Eureka Municipal Airport
2045,,12519194,Christman Field Airport
2045,,12519529,Fort Collins-Downtown Airpark
2046,,29387755,Benton Field
2053,,12522271,Vance Brand Airport
2060,,12512241,Xiaogan Airport
2087,,12512009,Chengdufeng Huang Shan Airport
2087,CTU,12512010,Chengdushuang Liu Airport
2087,,12512011,Chengduwen Chiang Airport
2091,,12511980,Anoing North Airport
2091,AQG,12523067,Anqing Airport
2115,,12512188,Shashi Airport
2136,NGB,12523321,Ningbo Airport
2142,,12512187,Shapingba Airport
2142,CKG,12523085,Chongqing Airport
2167,,12512279,Yiwu Airport
2175,,12512171,Quxian Airport
2183,,12512138,Luqiaq Airport
2186,KHN,12512149,Nanchang New Airport
2193,CSX,12523089,Huanghua Airport
2198,,12512240,Xiangtang Airport
2200,WNZ,12523455,Wenzhou Airport
2234,,12512297,Zhaotong Airport
2266,OKA,12513995,????
2276,FOC,12523107,Fuzhou Airport
2301,,12512053,Ganhaizi Airport
2301,,12512231,Wuchia Pa Airport
2319,MMY,12513990,????
2321,,12512120,Lianxian Airport
2339,ISG,12513966,????
2341,,12512131,Liuzhou Airport
2351,HUN,12517939,?????
2372,,12512144,Mengzi Airport
2391,TTT,12517928,?????
2391,,12517931,Feng Nin Airport
2399,HCN,28760738,????
2421,ZHA,12512295,Zhanjiang Airport
2427,,12512065,Haikou Airport
2436,,12522866,Bac Mai Airport
2436,,12522909,Ha Noi Gia Lam Airport
2437,CNX,12517750,Chiang Mai International Airport
2450,,12512174,Sanya-Yaxian Airport
2451,,12517760,Lampang Airport
2458,RGN,12510924,Mingaladon Airport
2463,THK,12514558,Thakhek Airport
2464,,12517792,Udon Airport
2468,,12517755,Khon Kaen Airport
2468,,12517756,Khon Kaen New Airport
2472,,12514556,Savannakhet Airport
2479,,56049648,Nakhon Sawan Airport
2482,DAD,12523093,Da Nang Airport
2490,CRK,12515607,Clark Field Airport
2492,UBP,12517791,Ubon Airport
2497,NCP,12515609,Cubi Point Naval Air Station
2500,,56049659,Surin Airport
2505,NAK,12517758,Nakhon Ratchasima Airport
2505,,12517759,Korat Army Air Field
2506,,12522922,Kontum Airport
2509,DEN,12523052,Denver International Airport
2510,,29387750,Ranchaero Airport
2512,,12521562,Reno Stead Airport
2514,RNO,12519047,Reno-Tahoe International Airport
2517,,12519702,Fallon Municipal Airport
2521,CSN,12519083,Carson City Airport
2526,AFF,12522260,United States Air Force Academy Airstrip
2526,,28349319,Peterson Air Force Base
2531,,12522248,University Airport
2533,MTJ,12521012,Montrose Regional Airport
2536,,12521175,Nut Tree Airport
2541,NGZ,12518552,Alameda Naval Air Station
2541,HWD,12520140,Hayward Executive Airport
2541,OAK,12520917,Oakland International Airport
2541,NUQ,12520980,Moffett Federal Airfield
2541,PAO,12521292,Palo Alto Airport of Santa Clara County
2541,,12521559,Reid-Hillview Airport of Santa Clara County
2541,SFO,12521721,San Francisco International Airport
2541,SJC,12521722,Norman Y Mineta San Jose International Airport
2541,SQL,12523228,San Carlos Airport
2541,JCE,12523433,Oakland Convention Center Heliport
2541,,12523438,China Basin Heliport
2541,,28349304,Onizuka Air Force Base
2543,CCR,12518962,Buchanan Field Airport
2545,JSG,12523382,San Rafael Heliport
2548,,12521814,Sharpe Army Air Field
2548,SCK,12522018,Stockton Metro Airport
2550,,12520675,Livermore Municipal Airport
2553,MOD,12520978,Modesto City County Airport-Harry Sham Field
2584,HHQ,12517753,Hua Hin Airport
2585,,12522869,Ban Me Thuot City Airport
2592,,12515621,Iloilo Airport
2594,,12522894,Di An Airport
2594,,12522949,Sanford Airport
2594,SGN,12522956,Tan Son Nhut Airport
2596,,12517779,Prachuap Khiri Khan Airport
2600,SGZ,12517785,Songkhla Airport
2612,KBR,12515011,Sultan Ismail Petra Airport
2614,ZAM,12515655,Zamboanga International Airport
2616,DVO,12515616,Francisco Bangoy International Airport
2621,,12512208,Tangshan Airport
2622,,12512182,Shanhai Guan Airport
2631,,12514218,R 113 Airport
2631,,12514219,R 217 Airport
2631,,12514220,R 222 Airport
2631,SSN,12514227,????
2631,,12514228,Seoul Kimpo Highway Strip Airport
2631,,12514230,Suwon Airport
2631,,12514231,Suwon Highway Strip Airport
2631,GMP,23388324,??????
2631,,24554859,????
2635,,12514233,Taejon Airport
2643,,12512206,Taiyuan Strip Airport
2643,TYN,12512207,Taiyuan Wusu Airport
2646,KUV,12514209,????
2649,,12512122,Linfen Airport
2650,TAE,12514232,??????
2659,,12514201,Busan Airport
2659,,23388327,??????
2664,,12513996,??????
2665,KMJ,12513981,????
2665,,23388316,????
2665,HSG,28360533,????
2674,,12512020,Dachang Airport
2674,,12512089,Jiangwan Airport
2674,,12512135,Longhua Airport
2674,,12512197,Southwest Highway Strip Airport
2674,SHA,23388248,Hongqiao Airport
2677,CZX,12523092,Changzhou Airport
2683,,12512062,Guangzhou East Airport
2683,,12512176,Shadi Airport
2683,,12513356,????
2683,SZX,12523239,Shenzhen Airport
2685,SWA,12512184,Shantou Northeast Airport
2688,,12512168,Qingyang Airport
2695,,12523356,? ? ? ? ? ? ? ?
2704,DMK,12517747,Don Muang International Airport
2704,BKK,56049647,Suvarnabhumi International Airport
2704,,56049649,Ban Bueng Airport
2706,MNL,12515637,Ninoy Aquino International Airport
2713,BJS,12511989,Beijing Capital Airport
2713,,12512119,Liangxiangzhen Airport
2713,,12512179,Shahezhen Airport
2713,,12512255,Xiqiao Airport
2718,,12514204,Hoengsong Airport
2718,WJU,28808960,????
2719,MPK,12514211,????
2725,,12514216,????
2725,USN,12514234,????
2727,TAO,12512130,Liuting Airport
2727,,12512218,Tsang Kou Airport
2730,,12517925,Ao Hu Kou Airport
2730,,12517937,??????58 60??
2730,,12517938,?????
2730,,12517943,???
2730,,12517950,Pa Kuei Airport
2730,TSA,12517954,?????
2730,TPE,2306254,????????
2731,HGH,12512090,Jianoiao Airport
2732,,12512226,Wang-Chia Tun Airport
2732,WUH,12512230,Wuchang Nanhu Airport
2737,TAK,12513998,????
2738,HIW,12513957,??????
2739,,12510922,Mandalay Airport
2740,,12517929,Ching Chuan Kang Air Base
2740,TXG,12517956,?????
2740,CYI,12517927,?????
2740,,12517933,??????206??
2740,,12517934,??????260??
2740,,12517935,??????296 298??
2740,,12517936,??????331 334??
2740,,12517940,????
2740,,12517942,Kuei Jen Airport
2740,PIF,12517951,?????
2740,,12517952,?????
2740,TNN,12517957,?????
2740,,2306255,???????
2756,URC,12523254,Diwopu Airport
2769,,12513527,Agartala Airport
2776,,12513564,Chabua Airport
2781,CXB,12510888,Coxs Bazar Airport
2784,CGP,12510886,Chittagong Airport
2797,,12515135,Tribhuvan International Airport
2806,COH,12513570,Cooch Behar Airport
2812,,12513542,Balurghat Airport
2813,,12513547,Bhagalpur Airport
2832,,12513632,Maraphari Airport
2836,,12510889,Dhaka Tejgaon Airport
2836,DAC,12510895,Zia International Airport Dhaka
2837,,12513545,Barrackpore Airport
2837,CCU,12513561,Netaji Subhash Chandra Bose International Airport
2838,,12510891,Jessore Airport
2853,,12513608,Sonari Airport
2858,TGG,12515012,Sultan Mahmud Airport
2860,PEN,12515004,Penang International Airport
2861,BWH,12514991,Butterworth Airport
2872,,12515013,Tawau Airport
2875,IPH,12514993,Ipoh Airport
2886,BTU,12514990,Bintulu Airport
2899,SRG,12513449,Achmad Yani Airport
2900,BDO,12513471,Bandara Husein Sastranegara Internasional Airport
2910,,12513451,Adisucipto Airport
2916,,12513498,Pondok Cabe Airport
2916,HLP,23388289,Halim Perdana Kusuma International Airport
2916,CGK,23388291,Bandara Udara Internasional Soekarno-Hatta
2917,QPG,12517522,Paya Lebar Airport
2917,XSP,12517523,Seletar Airport
2917,,12517524,Sembawang Airport
2917,,12517525,Singapore Changi Airport
2917,,12517526,Tengah Airport
2921,MKZ,12515001,Malacca Airport
2933,,12516212,Komsomolsk Airport
2949,,12515731,Arsenyev Airport
2967,,23388309,????
2968,,12517177,Vladivostok Airport
2979,CTS,12523091,?????
2996,MCE,12520900,Merced Municipal Airport-Macready Field
3003,SGU,12521964,St George Municipal Airport
3004,LSN,12520707,Los Banos Municipal Airport
3006,SRU,12523401,Skypark Airport
3009,WVI,12522355,Watsonville Municipal Airport
3012,FAT,12519826,Fresno Yosemite International Airport
3012,,12519827,Fresno Chandler Downtown Airport
3012,,29387776,Sierra Sky Park Airport
3013,FMN,12519792,Four Corners Regional Airport
3016,MRY,12521001,Monterey Peninsula Airport
3017,,56049512,Selma Airport
3020,VIS,12522291,Visalia Municipal Airport
3022,CRO,12519317,Corcoran Airport
3026,LAM,12520705,Los Alamos Airport
3029,BGD,12520270,Hutchinson County Airport
3033,,12518730,Bakersfield Municipal Airport
3033,BFL,12520881,Kern County-Meadows Field Airport
3035,ABQ,12518564,Albuquerque International Airport
3035,,12519322,Coronado Airport
3035,,23509228,Kirtland Air Force Base
3041,SMX,12521743,Santa Maria Public Airport
3044,PMD,12521290,La/palmdale Regional Airport
3044,,12523398,Quartz Hil Airport
3045,LPC,12520691,Lompoc Airport
3050,SBA,12521741,Santa Barbara Municipal Airport
3052,OXR,12521271,Oxnard Airport
3053,,12518820,Big Bear City Airport
3054,,12521318,Payson Airport
3059,,12518808,Bermuda Dunes Airport
3059,PSP,12521289,Palm Springs International Airport
3062,GEU,12519913,Glendale Municipal Airport
3062,LUF,12520723,Luke Air Force Base
3062,,12521300,Papago Army Air Field
3062,DVT,12521366,Phoenix Deer Valley Municipal Airport
3062,,12521780,Scottsdale Municipal Airport
3062,PHX,12521872,Sky Harbor International Airport
3062,,12522003,Stellar Air Park
3062,,12519696,Falcon Field Municipal Airport
3066,,12521524,Rancho California Airport
3072,BWC,12518921,Brawley Municipal Airport
3074,IPL,12520284,Imperial County Airport
3078,CXL,12519010,Calexico International Airport
3081,TUS,12522214,Tucson International Airport
3085,,12520943,Midland Airpark
3086,ELP,12519608,El Paso International Airport
3105,,12514907,Las Delicias Airport
3106,GYM,12514881,General Jose Maria Yanez in Airport
3109,,12514924,Navojoa Airport
3112,LOV,12514922,Monclova Airport
3118,TRC,12514978,Torreon International Airport
3125,,12514904,La Paz Airport
3141,PVR,12514911,Lic Gustavo Diaz Ordaz International Airport
3144,ZMM,12514988,Zamora Airport
3146,,12514913,Lic Y Gen Ignacio L Rayon Airport
3149,,12514908,Lazaro Cardenas Airport
3150,,12522059,Sutter County Airport
3151,STS,12521904,Sonoma County Airport
3151,,12521745,Santa Rosa Air Center Airport
3152,LAS,12520849,Mccarran International Airport
3152,VGT,12521155,North Las Vegas Air Terminal
3155,WBU,12518900,Boulder Municipal Airport
3155,BFK,12518965,Buckley Air National Guard Base
3155,APA,12519112,Centennial Airport
3155,BJC,12520355,Jeffco Airport
3155,,28996759,Buckley Air Force Base
3156,MCC,12520869,McClellan Air Force Base
3156,SAC,12521691,Sacramento Executive Airport
3156,MHR,12521692,Mather Airport
3157,IFP,12518972,Laughlin/bullhead Int'l Airport
3158,NIU,12520216,Honolulu International Airport
3158,,12523119,Honolulu Hickam Air Force Base
3159,FBK,12522306,Wainwright Army Air Field
3159,,12523180,Fairbanks Metro Field Airport
3159,PII,12523300,Phillips Field Airport
3161,ANC,12518613,Anchorage International Airport
3161,,23388380,Lake Hood Seaplane Base
3162,,12511913,Whitehorse International Airport
3165,,12511806,Quesnel Airport
3167,EDF,12519634,Elmendorf Air Force Base
3167,MRI,12520909,Merrill Field Airport
3169,,12511613,Chilliwack Airport
3175,YPF,12524194,Esquimalt Airport
3178,,12518694,Auburn Municipal Airport
3178,BFI,12518877,King County International Airport-Boeing Field
3178,TCM,12520868,McChord Air Force Base
3178,SEA,12522066,Tacoma International Airport
3178,,12523163,Lake Union Seaplane Base
3185,SLE,12520877,Mcnary Field Airport
3190,YVR,12511894,Vancouver International Airport
3192,,12521321,Pearson Field Airport
3192,HIO,12521452,Portland Hillsboro Airport
3192,PDX,12521453,Portland International Airport
3192,TTD,12521456,Portland Troutdale Airport
3196,,12513445,Keflavik Airport
3202,ABZ,22450858,Aberdeen Dyce International Airport
3207,PSL,12524000,Perth Airport
3210,EDI,22463734,Edinburgh International Airport
3215,GLA,22482705,Glasgow International Airport
3221,PIK,22484413,Glasgow Prestwick International Airport
3226,BHD,23387943,George Best Belfast City Airport
3234,BLK,22454971,Blackpool Airport
3262,GLO,12518156,Gloucestershire Airport
3274,,12518089,Filton Airport
3303,,12512944,Aéroport de Saint-Nazaire-Montoir
3303,,22866862,Aerodrome de Saint-Nazaire-Montoir
3304,,12512902,La Baule Escoublac Airport
3310,BUT,12523977,Burtonwood Airport
3310,,22473264,Liverpool John Lennon Airport
3310,MAN,22478032,Manchester International Airport
3310,,22656543,Manchester Aerodrome
3312,DUB,23388266,Dublin Airport
3325,,12511814,Aéroport de Rimouski
3331,YYT,12511848,St John's International Airport
3340,,12511875,Thunder Bay International Airport
3343,BJI,12518794,Bemidji-Beltrami County Airport
3347,DLH,12519545,Duluth International Airport
3351,NGO,28298951,??????
3378,,28360522,????
3403,TOY,12514030,????
3420,,12513980,????
3437,IZO,12513969,????
3439,,28360564,???????
3441,TTJ,12514029,????
3442,,12513987,????
3459,,28360565,???????
3461,,12513983,????
3463,GAJ,12514035,????
3464,SDJ,12514015,????
3470,,12513947,????
3470,,12513959,????????
3470,,12513999,??????
3470,,12514013,??????
3470,HND,23388311,??????
3470,,28360524,?????
3470,,28360555,????????
3470,,28360556,???????
3470,,28360557,???????
3470,,28360558,???????
3470,,28360559,???????
3476,,28360554,???????
3477,,12514001,????
3479,TIJ,12514874,General Abelardo L Rodriguez International Airport
3479,,12518950,Brown Field Municipal Airport
3479,,12520283,Imperial Beach Outlying Landing Field-Ream Field
3479,SEE,12519901,Gillespie Field Airport
3479,CLD,12520851,Mcclellan Palomar Airport
3479,NKX,12520969,Miramar Naval Air Station
3479,,12521008,Montgomery Field Airport
3479,NZY,12521154,North Island Naval Air Station-Halsey Field
3479,,12521192,Oceanside Municipal Airport
3481,,12519611,El Toro Marine Corps Air Station
3481,,12518913,Brackett Field Airport
3481,BUR,12518974,Burbank Glendale Pasadena Airport
3481,CCB,12519000,Cable Airport
3481,CNO,12519185,Chino Airport
3481,CPM,12519300,Compton Airport
3481,AJO,12519321,Corona Municipal Airport
3481,EMT,12519607,El Monte Airport
3481,RIR,12519737,Flabob Airport
3481,,12519838,Fullerton Municipal Airport
3481,,12520135,Hawthorne Municipal Airport
3481,SNA,12520383,John Wayne Airport
3481,LGB,12520696,Long Beach Daugherty Field Airport
3481,SLI,12520704,Los Alamitos Army Air Field
3481,LAX,12520706,Los Angeles International Airport
3481,SBD,12521168,San Bernardino International Airport
3481,ONT,12521228,Ontario International Airport
3481,,12521550,Redlands Municipal Airport
3481,,12521571,Rialto Municipal Airport-Miro Field
3481,RAL,12521602,Riverside Municipal Airport
3481,SMO,12521744,Santa Monica Municipal Airport
3481,,12522165,Torrance Municipal Airport
3481,VNY,12522268,Van Nuys Airport
3481,WHP,12522426,Whiteman Airport
3481,JWC,12523147,Warner Center Business Plaza Heliport
3481,SBT,12523215,San Bernardino County Heliport
3481,JID,12523312,City of Industry Heliport
3481,JRD,12523325,Riverside Heliport
3481,,12523374,Santa Ana Downtown Heliport
3481,JLB,12523379,Long Beach Heliport
3481,JOC,12523381,Santa Ana Centerport Heliport
3481,,12523383,Cable Heliport
3481,SFR,12523400,San Fernando Airport
3481,CCD,12523425,Century City Airport
3481,JCX,12523426,Citicorp Plaza Heliport
3481,,12523427,Sherman Oaks Heliport
3481,,12523428,Universal City Heliport
3481,JIO,12523434,Ontario International Heliport
3481,CVR,12524627,Hughes-Culver City Airport
3481,,28349267,Los Angeles Air Force Base
3481,,28349287,Tustin Marine Corps Air Station
3481,,28996761,Los Angeles Air Force Base-Area A
3481,,28996762,Los Angeles Air Force Base-Area B
3482,,12513979,?????
3484,,12523041,??????
3485,,12514037,????
3485,ITM,12514009,??????
3486,NKM,23388304,??????
3486,,90037139,???????
3487,,12513950,????
3488,,12520434,Kelso Longview Airport
3489,PAE,12521896,Snohomish County Airport-Paine Field
3513,,12517537,Armilla Airport
3517,PRM,12523961,Portimao Airport
3531,UTL,12523968,Aeropuerto de Torremolinos
3531,AGP,23232917,Aeropuerto de Málaga
3533,,12517565,Rota Naval Station
3538,TTU,12514792,Sania Ramel Airport
3541,,12514794,Taouima Airport
3541,MLN,12517556,Aeropuerto de Melilla
3541,NDR,24554857,Nador Airport
3566,,12514793,Sidi Slimane Airport
3569,RBA,12514791,Sale Airport
3572,,12514782,Bassatine Airport
3599,ERH,12514786,Er Rachidia Airport
3600,,12523044,Menara Airport
3601,,12510339,Ouakda Airport
3604,OZZ,12514789,Ouarzazate Airport
3608,AGA,12523043,Almassira Airport
3614,,12514805,Nouadhibou Airport
3615,,12514806,Nouakchott Airport
3623,,12517507,Kaolack Airport
3633,ZIG,12517511,Ziguinchor Airport
3634,OUA,12522555,Ouagadougou Airport
3638,BOY,12522554,Bobo Dioulasso Airport
3646,JMY,12523368,Mammy Yoko Heliport
3649,,12517520,Kenema Airport
3650,BYK,12513871,Bouake Airport
3653,,12513024,Sunyani Airport
3657,,12513023,Kumasi Airport
3673,ABJ,12513870,Abidjan Port Bouet Airport
3676,,12513025,Takoradi Airport
3681,SVQ,12517571,Aeropuerto de Sevilla
3681,,12517574,Tablada Airport
3688,CKY,12513342,Conakry Airport
3689,CAS,12514780,Anfa Airport
3689,CMN,12514788,Mohamed V Airport
3690,,12514602,Monrovia Spriggs Payne Airport
3696,RCH,12512362,Almirante Padilla Airport
3697,CZE,12522796,Jose Leonardo Chirinos Airport
3698,,12523627,Maicao Airport
3702,BAQ,12512376,Ernesto Cortissoz Airport
3707,CCS,12522849,Simon Bolivar International Airport
3709,,12522785,Gen Francisco de Miranda Air Base
3710,,12512361,Alfonso Lopez Airport
3711,PBL,12522759,Bartolome Salom Airport
3713,CUM,12522754,Antonio Jose de Sucre Airport
3716,CBS,12522825,Oro Negro Airport
3721,,12522778,El Libertador Air Base
3722,VLN,12522858,Zim Valencia Airport
3723,BLA,12522795,Jose Antonio Anzoategui Airport
3725,VCR,12522766,Carora Airport
3727,BRM,12522758,Barquisimeto Airport
3731,,12522843,San Juan de Los Morros Airport
3733,MUN,12522819,Maturin Airport
3735,,12522846,Santa Barbara de Monagas Airport
3736,,12522840,San Carlos Airport
3740,AAO,12522752,Anaco Airport
3747,,12522857,Valle de la Pascua Airport
3751,,12522787,Guanare Airport
3754,CLZ,12522762,Calabozo Airport
3756,BNS,12522757,Barinas Airport
3757,CGU,12522816,Manuel Carlos Piar Guayana Airport
3757,SFX,12523219,San Felix Airport
3757,PZO,12523683,Puerto Ordaz Airport
3758,CBL,12522769,Ciudad Bolivar Airport
3760,CUC,12512370,Camilo Daza Airport
3761,SFD,12522842,San Fernando de Apure Airport
3762,SCI,12522829,Paramillo Airport
3763,CXA,12522761,Caicara de Orinoco Airport
3767,,12512399,Olaya Herrera Airport
3774,BOG,12512375,Eldorado International Airport
3774,LAT,12523609,La Uribe Airport
3776,SOM,12522844,San Tome Airport
3779,HTW,12520583,Lawrence County Airpark
3781,LOU,12518909,Bowman Field Airport
3781,,12519218,Clark County Airport
3781,ZTV,12521983,Louisville International Airport
3781,,12523429,Louisville Intercontinental Airport
3787,LEX,24554866,Blue Grass Airport
3789,EVV,12519675,Evansville Regional Airport
3789,,29388332,Skylane Airport
3792,OWB,12521266,Owensboro Daviess County Airport
3796,RIC,12518996,Richmond International Airport
3796,,12520079,Hanover County Municipal Airport
3800,ROA,12521606,Roanoke Regional Airport-Woodrum Field
3804,FAF,12519719,Felker Army Air Field
3804,LFI,12520568,Langley Air Force Base
3804,PHF,12521311,Newport News-Williamsburg International Airport
3808,BWG,12518908,Bowling Green-Warren County Regional Airport
3826,BNA,12521083,Nashville International Airport
3826,MQY,12521895,Smyrna Airport
3826,JWN,12520376,John C Tune Airport
3826,,29388308,Cornelia Fort Airpark
3830,,12520605,Lebanon Municipal Airport
3831,,12521502,Putnam County Airport
3832,INT,12521891,Smith Reynolds Airport
3833,GCY,12519997,Greeneville Municipal Airport
3835,GSO,12522200,Triad International Airport
3835,,29388487,Air Harbor Airport
3840,,12520490,Knoxville Downtown Island Airport
3841,RDU,12519551,Durham International Airport
3841,,12520229,Horace Williams Airport
3843,,12519732,First Flight Airport
3844,,29388516,Rocky Mount Downtown Airport
3845,,12521067,Murfreesboro Municipal Airport
3847,TYS,12520857,Mcghee Tyson Airport
3850,HKY,12520179,Hickory Regional Airport
3858,PGV,12521400,Pitt Greenville Airport
3866,GSB,12521806,Seymour Johnson Air Force Base
3867,THA,12522218,Tullahoma Regional Airport-William Northern Field
3873,,12521859,Simmons Army Air Field
3873,POB,12521434,Pope Air Force Base
3875,CHA,12520716,Chattanooga Metro Airport
3880,,12521628,Rock Hill Municipal Airport-Bryant Field
3881,,12520005,Greenville Downtown Airport
3881,GSP,12520010,Greenville Spartanburg International Airport
3885,NKT,12519168,Cherry Point Marine Corps Air Station
3902,TOC,12522150,Toccoa Rg Letourneau Field Airport
3905,,12520613,Lee Gilmer Memorial Airport
3906,,12521128,Newberry Municipal Airport
3907,ILM,12521109,Wilmington International Airport
3908,TUP,12522222,Tupelo Municipal-C D Lemons Airport
3912,GRD,12520011,Greenwood County Airport
3916,CAE,12519284,Columbia Metro Airport
3916,CUB,12519285,Columbia Owens Downtown Airport
3917,RYY,12519258,Cobb County Airport-Mccollum Field
3917,ATL,12522118,Hartsfield-Jackson Atlanta International Airport
3917,JAO,12523135,Beaver Ruin Heliport
3917,PDK,12519449,Dekalb Peachtree Airport
3917,MGE,12519503,Dobbins Air Reserve Base
3917,,12519843,Fulton County Airport-Brown Field
3917,,12520048,Gwinnett County Airport-Briscoe Field
3917,,12523387,Naval Air Station Atlanta
3917,JAJ,12523411,Atlanta Perimeter Mall Heliport
3917,JAE,12523412,Atlanta Technology Park Heliport
3917,,12523413,Atlanta Galleria Heliport
3917,,29388557,Mathis Airport
3921,AHN,12518684,Athens-Ben Epps Airport
3922,SUM,12522046,Sumter Municipal Airport
3923,MYR,12521074,Myrtle Beach International Airport
3923,,12519956,Grand Strand Airport
3926,,12523396,Reilly Army Air Field
3927,BHM,12518836,Birmingham Int'l Airport
3929,,12519343,Covington Municipal Airport
3932,DNL,12519408,Daniel Field Airport
3935,HQU,12522135,Thomson-Mcduffie County Airport
3943,TCL,12522227,Tuscaloosa Municipal Airport
3944,SCD,12520905,Merkel Field Sylacauga Municipal Airport
3946,,12519018,La Grange Airport
3947,CHS,12519142,Charleston International Airport
3948,OKZ,12520421,Kaolin Field Airport
3951,,28349398,Lewis B Wilson Airport
3953,AUO,12518697,Auburn Opelika Robert G Pitts Airport
3954,WRB,12521620,Robins Air Force Base
3956,MKF,12523385,Mckenna Army Air Field
3956,CSG,23418432,Columbus Metro Airport
3962,,12518769,Beaufort Marine Corps Air Station
3964,MXF,12520844,Maxwell Air Force Base
3964,,12523431,Maxwell Air Force Base-Gunter Annex
3965,MEI,12520455,Key Field Airport
3967,SAV,12521756,Savannah International Airport
3967,SVN,12520258,Hunter Army Air Field
3969,CKF,12519362,Crisp County-Cordele Airport
3974,NAB,12523410,Albany Naval Air Station
3983,BQK,12519920,Glynco Jetport Airport
3989,BFM,12518943,Brookley Airport
3996,PNS,12521335,Pensacola Regional Airport
3996,NDP,12523388,Ellyson Naval Air Station
3997,HRT,12520265,Hurlburt Field Airport
3998,VPS,12519601,Eglin Air Force Base
3998,,29388564,Northwest Florida Regional Airport
4002,,12520323,Jack Edwards Airport
4003,PFN,12521294,Panama City Bay County Airport
4006,,12521953,St Augustine Airport
4007,GNV,12519850,Gainesville Regional Airport
4008,,12520426,Kay Larkin Airport
4010,DAB,12519432,Daytona Beach International Airport
4010,OMN,12521244,Ormond Beach Municipal Airport
4013,,12521121,New Smyrna Beach Municipal Airport
4018,,12518668,Arthur Dunn Airpark
4023,SPG,12518560,Albert Whitted Airport
4023,CLW,12519231,Clearwater Air Park
4023,PIE,12521978,St. Petersburg-Clearwater International Airport
4023,TPA,12522077,Tampa International Airport
4023,,12522273,Vandenberg Airport
4026,GIF,12522497,Winter Haven's Gilbert Airport
4029,VRB,12522279,Vero Beach Municipal Airport
4030,SRQ,12521750,Sarasota Bradenton Airport
4031,,12521972,Fpr
4033,SUA,12522501,Witham Field Airport
4035,VNC,12522276,Venice Municipal Airport
4039,,12510867,Freeport International Airport
4040,APF,12521078,Naples Municipal Airport
4044,,12512458,Ciudad Libertad Airport
4046,,12524382,Puerto Juarez Airport
4047,STI,12512614,Cibao International Airport
4048,,12513351,Bowen Airport
4049,HEX,12512617,Herrera Airport
4055,SIG,12515661,Isla Grande Airport
4055,,23388351,Aeropuerto Internacional Luis Muñoz Marín
4056,STT,12522972,Cyril E King International Airport
4056,SPB,12523060,St Thomas Seaplane Base
4059,SFG,12513276,Grand Case-Esperance Airport
4059,MSB,12523315,Marigot Seaplane Base
4060,,12514047,Tinson Pen Airport
4063,SKB,12517381,Golden Rock Airport
4065,PTP,12513277,Le Raizet Airport
4074,ORF,12521146,Norfolk International Airport
4074,NGU,12521147,Norfolk Naval Air Station
4074,,12521191,Oceana Naval Air Station
4075,CLT,12519519,Douglas International Airport
4075,,12521485,Propst Airport
4076,JAX,12520339,Jacksonville International Airport
4076,CRG,12519349,Craig Municipal Airport
4076,NIP,12520342,Jacksonville Naval Air Station
4076,,12520846,Mayport Naval Air Station
4077,,12518508,A Duda and Sons Inc Airport
4077,,12520480,Kissimmee Municipal Airport
4077,ORL,12521242,Orlando Executive Airport
4077,MCO,12521243,Orlando International Airport
4077,DWS,12523435,Walt Disney World Airport
4078,MLB,12520889,Melbourne International Airport
4080,FMY,12521276,Page Field Airport
4081,,12521388,Pine Shadows Airpark
4082,BCT,12518876,Boca Raton Airport
4082,FXE,12519776,Fort Lauderdale Executive Airport
4082,FLL,12519836,Fort Lauderdale Hollywood International Airport
4082,TMB,12520438,Kendall Tamiami Executive Airport
4082,MIA,12520923,Miami International Airport
4082,HWO,12521157,North Perry Airport
4082,OPF,12521232,Opa Locka Airport
4082,,12521233,Opa Locka West Airport
4082,LNA,12521287,Palm Beach County Park Airport
4082,PBI,12521288,Palm Beach International Airport
4082,PMP,12521431,Pompano Beach Airpark
4093,,12519123,Cessna Aircraft Field Airport
4093,IAB,12520872,McConnell Air Force Base
4093,ICT,12522432,Wichita Mid-Continent Airport
4093,,29388069,Riverside Airport
4093,,29388070,Westport Airport
4096,,12519525,Downtown Airport
4101,PLK,12520732,M Graham Clark Airport
4104,ASG,12521941,Springdale Municipal Airport
4105,SWO,12522014,Stillwater Municipal Airport
4106,PGR,12520477,Kirk Field Airport
4109,JBR,12520397,Jonesboro Municipal Airport
4113,,12519680,Expressway Airpark
4113,TIK,12522143,Tinker Air Force Base
4113,PWA,12522439,Wiley Post Airport
4113,,29388200,Downtown Airpark
4114,FSM,12519781,Fort Smith Regional Airport
4119,MEM,12520895,Memphis International Airport
4119,,12519877,General Dewitt Spain Airport
4120,,12522249,University of Oklahoma Airport
4121,,12519466,Dennis F Cantrell Field Airport
4125,LIT,12518526,Adams Field Airport
4125,LRF,12520672,Little Rock Air Force Base
4125,,12521156,North Little Rock Municipal Airport
4125,RBM,12521621,Robinson Army Airfield
4130,,12520894,Hot Springs Memorial Field Airport
4131,UOX,12522253,University-Oxford Airport
4136,SPS,12521831,Sheppard Air Force Base
4136,,29388563,Wichita Falls Municipal Airport
4158,,12520958,Minden Webster Airport
4159,BAD,12518742,Barksdale Air Force Base
4159,DTN,12521844,Shreveport Downtown Airport
4159,SHV,12521845,Shreveport Regional Airport
4160,,29388224,East Side Airport
4173,,12521298,Panola County-Sharpe Field Airport
4189,,12521391,Pineville Municipal Airport
4193,HLR,12520217,Hood Army Air Field
4201,GTU,12519890,Georgetown Municipal Airport
4203,,12523414,Downtown Airport
4205,,12518707,Austin Executive Airpark
4205,,12523386,Camp Maybry Army Heliport
4209,GPT,12520037,Gulfport Biloxi Regional Airport
4209,BIX,12520431,Keesler Air Force Base
4211,CXO,12521005,Montgomery County Airport
4216,CWF,12519160,Chennault International Airport
4217,LFT,12520518,Lafayette Regional Airport
4226,NEW,12520542,Lakefront Airport
4226,MSY,12521116,New Orleans International Airport
4226,NBG,12521117,New Orleans Naval Air Station-Alvin Callender Field
4226,BCS,12521919,Southern Seaplane Airport
4234,GLS,12521765,Scholes Field Airport
4245,,12518999,Cabaniss Field Naval Auxiliary Landing Field
4245,,12519325,Corpus Christi Naval Air Station
4250,MFE,12520953,Miller International Airport
4252,,12520937,Mid Valley Airport
4256,BRO,12518951,Brownsville-South Padre Island International Airport
4257,,12514902,La Encarnacion Airport
4260,TAM,12514875,Gen Francisco J Mina International Airport
4262,,12514944,Queretaro Airport
4274,TLC,12514900,Jose Maria Morelos Y Pavon Airport
4285,TCN,12514973,Tehuacan Airport
4288,,12514921,Minatitlan Old Airport
4289,,12514843,Chilpancingo Airport
4291,,12514932,Pie de la Cuesta Airport
4294,,12514951,Salina Cruz Airport
4297,GUA,12513336,La Aurora Airport
4303,TUL,12522219,Tulsa International Airport
4303,,29388167,Harvey Young Airport
4304,,12522061,Sycamore Strip Airport
4304,ADS,12518528,Addison Airport
4304,,12518538,Air Park Dallas
4304,,12518658,Arlington Municipal Airport
4304,DAL,12519401,Dallas Love Field
4304,,12519402,Dallas Naval Air Station
4304,DNE,12519403,Dallas North Airport
4304,DFW,12519786,Dallas-Fort Worth International Airport
4304,FTW,12519787,Fort Worth Meacham International Airport
4304,,12519933,Goode Airport
4304,GPM,12519954,Grand Prairie Municipal Airport
4304,RBD,12521547,Dallas Executive Airport
4304,,12523416,Dallas-Fort Worth Downtown Heliport
4304,,12523417,Dallas-Fort Worth North Park Inn Heliport
4304,,12523418,Dallas-Fort Worth Market Center Heliport
4304,,2457346,Naval Air Station Joint Reserve Base Fort Worth
4305,HKS,12520129,Hawkins Field Airport
4305,JAN,12520336,Jackson International Airport
4306,AAP,12518619,Andrau Airpark
4306,EFD,12519629,Ellington Field Airport
4306,IAH,12520245,George Bush Intercontinental Airport
4306,,12520515,La Porte Municipal Airport
4306,SGR,12522035,Sugar Land Municipal Airport-Hull Field
4306,,12522377,Weiser Air Park
4306,IWS,12522388,West Houston Lakeside Airport
4306,HOU,12522451,William P Hobby Airport
4306,,12523139,Central Business District Heliport
4306,,12523348,Westchase Hilton Heliport
4306,JMA,12523420,Marriott Astrodome Airport
4306,,12523421,Greenway Plaza Heliport
4306,,12523422,Transco Tower Galleria Heliport
4306,,12523423,Woodlands Heliport
4306,,12523424,Park Ten Heliport
4306,CLC,12524620,Clear Lake City Metroport Airport
4307,,12520828,Martindale Army Air Field
4307,SAT,12521716,San Antonio International Airport
4308,AZP,12514825,Atizapan Airport
4308,MEX,12514910,Lic Benito Juarez International Airport
4316,,56051850,Aérodrome D'andernos-les-bains
4320,BIQ,12512842,Aéroport de Biarritz-Anglet-Bayonne
4326,SDR,12517568,Aeropuerto de Santander
4334,EAS,12517567,Aeropuerto de San Sebastian
4366,LGV,24554861,Aeropuerto de Logroño-Agoncillo
4383,VGO,12517579,Aeropuerto de Vigo
4397,,56049666,Aerodromo Provincial
4400,CHV,12523959,Chaves Airport
4439,VSE,12515462,Viseu Airport
4458,COV,12515440,Covilha Airport
4477,LRH,12512909,Aéroport de la Rochelle-Ile de Ré
4479,BIO,12517541,Aeropuerto de Bilbao
4486,MAD,12517539,Aeropuerto de Madrid-Barajas
4486,,12517544,Cuatro Vientos Airport
4486,TOJ,12517576,Base Aerea de Torrejón
4486,,12517546,Getafe Airport
4490,VIT,12517580,Aeropuerto de Vitoria
4491,,22656496,Aeropuerto de León
4491,,22656497,Aeropuerto Militar dé León
4493,,22410627,Aeropuerto de Villafria-Burgos
4496,BGZ,12515437,Braga Airport
4496,,12515441,Espinho Airport
4496,OPO,12515455,Aeroporto Francisco Sá Carneiro
4497,,22405520,Aeroporto dé Lisboa
4504,,12511887,Aéroport Régional de Trois-Riviè
4508,,55999860,Canadian Forces Base
4516,YWA,12524257,Petawawa Airport
4527,,12511847,St Jean Airport
4539,BGR,12518734,Bangor International Airport
4541,YWF,12523303,Downtown Waterfront Heliport
4545,GRB,12518709,Austin Straubel International Airport
4549,AUG,12518700,Augusta State Airport
4557,MTW,12520780,Manitowoc County Airport
4563,YOO,12511777,Oshawa Airport
4565,,12519759,Fond du Lac County Airport
4567,PWM,12520368,Jetport International Airport
4568,,12520322,Jack Barstow Airport
4582,ROC,12519985,Greater Rochester International Airport
4584,CON,12519302,Concord Municipal Airport
4590,IAG,12521138,Niagara Falls International Airport
4590,BUF,12519977,Greater Buffalo International Airport
4593,SYR,12520075,Hancock International Airport
4595,,12521601,Riverside Airport
4597,FNT,12518841,Bishop International Airport
4599,PSM,12521322,Pease International Tradeport Airport
4600,,12519952,Grand Haven Memorial Airpark
4614,ZLY,12518554,Albany International Airport
4614,SCH,12521763,Schenectady County Airport
4615,ASH,12518879,Boire Field Airport
4619,LAN,12519060,Lansing Capital City Airport
4624,,12519735,Fitchburg Municipal Airport
4632,ORH,12522514,Worcester Municipal Airport
4636,AZO,12520414,Kalamazoo-Battle Creek International Airport
4637,JXN,12520329,Jackson County Airport-Reynolds Field
4652,,12519701,Fall River Municipal Airport
4654,,12522153,Toledo Suburban Airport
4655,SBN,12520929,South Bend Regional Airport
4656,EKI,12524666,Elkhart Municipal Airport
4658,EWB,12521103,New Bedford Municipal Airport
4661,HYA,12518745,Barnstable Boardman Polando Airport
4667,SWF,12522012,Stewart International Airport
4673,DXR,12519406,Danbury Municipal Airport
4674,GON,12520029,Groton New London Airport
4675,,12522507,Wood County Airport
4677,,12521259,Ottawa Airport
4692,HZL,12520145,Hazleton Municipal Airport
4693,CAK,12518548,Akron Canton Regional Airport
4695,,29388456,Sunbury Airport
4699,,12518940,Brookhaven Airport
4708,ABE,12518581,Lehigh Valley International Airport
4708,,12518582,Allentown Queen City Municipal Airport
4715,,12521498,Purdue University Airport
4718,RDG,12521537,Reading Regional Airport
4721,,12519062,Harrisburg Capital City Airport
4721,MDT,12520098,Harrisburg International Airport
4725,,29388466,Pottstown Municipal Airport
4730,OSU,12521201,Ohio State University Airport
4730,CMH,12521441,Port Columbus International Airport
4730,,12521909,South Columbus Airport
4739,,12519559,Eagle Creek Airpark
4739,HFY,12520013,Greenwood Municipal Airport
4739,IND,12520294,Indianapolis International Airport
4739,UMP,12520295,Indianapolis Metro Airport
4739,,29388302,Post Air Airport
4741,WRI,12520860,McGuire Air Force Base
4746,DAY,12520347,James M Cox Dayton International Airport
4746,,12521022,Moraine Air Park
4746,FFO,12523376,Wright Patterson Air Force Base
4756,,12520219,Hook Field Municipal Airport
4774,ANP,12523064,Lee Airport
4780,,12518673,Ashland Boyd County Airport
4782,YHU,12511759,Aéroport de St-Hubert
4784,YCV,12511756,Cartierville Airport
4785,,12511758,Montreal Mascouche Airport
4786,,55965856,Aeroport de St-Mathieu-de-Beloeil
4787,YRO,12511780,Rockcliffe Airport
4788,BTV,12518979,Burlington International Airport
4789,MHT,12520772,Manchester-Boston Regional Airport
4790,RAC,12520382,John H Batten Airport
4791,CGF,12519394,Cuyahoga County Airport
4791,CLE,12520226,Hopkins International Airport
4791,LNN,12522468,Willoughby Lost Nation Municipal Airport
4791,AKC,12518549,Fulton International Airport
4791,BKL,12518976,Burke Lakefront Airport
4791,,12520446,Kent State University Airport
4792,,12522442,Wilkes-Barre-Wyoming Valley Airport
4792,SCR,12523399,Wilkes-Barre-Scranton Municipal Airport
4793,PIT,12519983,Greater Pittsburgh International Airport
4793,AGC,12518575,Allegheny County Airport
4793,,12523451,Civic Arena Heliport
4794,,12518919,Brandywine Airport
4794,,12518966,Buehl Field Airport
4794,,12519029,Camden County Airport
4794,,12519368,Cross Keys Airport
4794,DYL,12519530,Doylestown Airport
4794,,12519769,Forrestal Airport
4794,,12520299,Inductotherm Airport
4794,TTN,12520901,Mercer County Airport
4794,ILG,12521105,New Castle County Airport
4794,PNE,12521161,Northeast Philadelphia Airport
4794,PHL,12521360,Philadelphia International Airport
4794,,12521479,Princeton Airport
4794,VAY,12521911,South Jersey Regional Airport
4794,,12522137,Three M Airport
4794,,12522323,Warminster Naval Air Development Center
4794,,12522469,Willow Grove Naval Air Station
4794,,12523436,Mustin Auxillary Landing Field Airport
4794,BBX,12524570,Wings Field Airport
4794,,29388438,Twin Pine Airport
4798,,29388457,Ocean City Municipal Airport
4799,ACY,12518689,Atlantic City International Airport
4799,AIY,12523062,Atlantic City Municipal Airport-Bader Field
4799,,12523146,Steel Pier Heliport
4802,,12511880,Toronto Buttonville Airport
4802,YZD,12511881,Toronto Downsview Airport
4802,YYZ,12511883,Toronto Lester B Pearson International Airport
4804,ZML,12519880,General Mitchell International Airport
4804,UES,12522358,Waukesha County Airport
4804,,12520584,Lawrence J Timmerman Airport
4806,ARB,12518630,Ann Arbor Municipal Airport
4806,MTC,12521791,Selfridge Air National Guard Base
4806,,12522208,Oakland/Troy Airport
4806,YIP,12522472,Willow Run Airport
4806,DEO,12523299,Hyatt Regency Heliport
4806,,12523389,Detroit Naval Air Facility
4806,DET,12519479,Detroit City Airport
4806,DTW,12519481,Detroit Metro Airport
4806,PTK,12521181,Oakland County International Airport
4810,,12519253,Clow International Airport
4810,GYY,12519869,Gary/Chicago International Airport
4810,,12519915,Glenview Naval Air Station
4810,,12520022,Griffith Airport
4810,,12520193,Hobart Sky Ranch Airport
4810,ORD,12521200,Chicago O'Hare International Airport
4810,PWK,12521282,Pal Waukee Airport
4810,,12521761,Schaumburg Regional Airport
4810,UGN,12522357,Waukegan Regional Airport
4810,CHI,12523051,Chicago Fss Airport
4810,MDW,12519178,Chicago Midway International Airport
4810,JOT,12520394,Joliet Regional Airport
4810,,12520530,Lake in the Hills Airport
4810,,12520570,Lansing Municipal Airport
4810,LOT,12520634,Lewis University Airport
4812,BED,12520579,Laurence G. Hanscom Field Airport
4812,,12520586,Lawrence Municipal Airport
4812,BBF,12524569,Burlington Airport
4812,BVY,12518817,Beverly Municipal Airport
4812,BOS,12519874,Gen E L Logan International Airport
4812,,12521171,Norwood Memorial Airport
4812,,12521914,South Weymouth Naval Air Station
4812,PVD,12522119,Theodore Francis Green State Airport
4812,JBC,12523136,Boston City Heliport
4813,BDL,12518915,Bradley International Airport
4813,,12520903,Meriden Markham Municipal Airport
4813,,28349548,Westover Air Force Base
4813,BNH,12518744,Barnes Airport
4813,HFD,12520113,Hartford-Brainard Airport
4813,BDR,12520279,Igor I Sikorsky Memorial Airport
4813,EHT,12521564,Rentschler Airport
4813,,12521619,Robertson Field Airport
4813,HVN,12522229,Tweed New Haven Airport
4813,CEF,12522401,Westover Metro Airport
4814,SMD,12521889,Smith Field Airport
4815,,29388387,Somerset Airport
4815,BLM,12518574,Allaire Airport
4815,CDW,12519660,Essex County Airport
4815,,12520543,Lakehurst Naval Air Engineering Center Airport
4815,,12520548,Lakewood Airport
4815,,12520661,Linden Airport
4815,,12521031,Morristown Municipal Airport
4815,EWR,12521127,Newark International Airport
4815,,12521209,Old Bridge Airport
4815,ARX,12524563,Charles Wood Helipad
4815,TEB,12522105,Teterboro Airport
4815,,29388435,Lincoln Park Airport
4816,HPN,12522396,Westchester County Airport
4818,JFK,12520380,John F Kennedy Int'l Airport
4818,LGA,12520509,LaGuardia Airport
4818,ISP,12520697,Long Island Macarthur Airport
4818,,12521565,Republic Airport
4818,AYZ,12524568,Zahns Airport
4818,DPK,12524657,Deer Park Airport
4818,BPA,12520033,Grumman Bethpage Airport
4818,,12523106,Flushing Airport
4819,,12519198,Cincinnati Blue Ash Airport
4819,CVG,12519978,Greater Cincinnati International Airport
4819,HAO,12520064,Butler County Regional Airport
4820,IAD,12519544,Dulles International Airport
4820,MTN,12520827,Martin State Airport
4820,,12521007,Montgomery County Airpark
4820,,12522145,Tipton Army Air Field
4820,BWI,12522341,Baltimore-Washington International Thurgood Marshall Airport
4820,CGS,12524611,College Park Airport
4820,ADW,12518620,Andrews Air Force Base
4820,DCA,12522343,Washington National Airport
4820,BZS,12523372,Buzzards Point Seaplane Base
4820,,12523440,Pentagon Heliport
4823,,12523145,St. Cloud Municipal Heliport
4826,RRL,12520910,Merrill Municipal Airport
4829,AUW,12522361,Wausau Downtown Airport
4832,ATY,12522349,Watertown Municipal Airport
4833,EAU,12519585,Eau Claire County Airport
4835,STE,12522009,Stevens Point Municipal Airport
4838,JMN,12523380,Mankato Municipal Heliport
4846,,29388303,Middleton Municipal Airport
4852,,12523397,Machesney Airport
4858,IOW,12520311,Iowa City Municipal Airport
4860,MLI,12521505,Quad City Airport
4862,OMA,12519653,Eppley Airfield
4862,,12520949,Millard Airport
4873,SPI,12519058,Capital Airport
4876,MKC,12520419,Kansas City Downtown Airport
4889,JEF,12520356,Jefferson City Memorial Airport
4891,MSP,12520966,Minneapolis St Paul International Airport
4891,,12521913,South St Paul Municipal Airport
4891,,12521977,St Paul Downtown Holman Field
4891,ANE,12518633,Anoka County-Blaine Airport
4891,,12519374,Crystal Airport
4891,JDT,12523430,Minneapolis Downtown Heliport
4894,,12521053,Mount Hawley Auxiliary Airport
4896,STL,12520553,Lambert St Louis International Airport
4896,CPS,12521970,St Louis Downtown Parks Airport
4896,,12522379,Weiss Airport
4896,,29388072,Creve Coeur Airport
4896,,29388073,Arrowhead Airport
4896,,55805823,Wentzville Airport
4900,MAO,12511115,Aeroporto Internacional Eduardo Gomes
4900,PLL,12511279,Aeroporto Ponta Pelada
4901,QBX,12511332,Aeroporto Sobral
4902,,12511272,Aeroporto Internacional Pinto Martins
4905,THE,12511344,Aeroporto Senador Petrônio Portella
4907,MVF,12511111,Aeroporto Dix-Sept Rosado
4909,IMP,12511179,Aeroporto Prefeito Renato Moreira
4910,NAT,12511038,Aeroporto Internacional Augusto Severo
4911,QIG,12511176,Aeroporto Iguatu
4914,JPA,12511287,Aeroporto Internacional Presidente Castro Pinto
4917,CPV,12511202,Aeroporto Presidente João Suassuna
4924,,56049645,Aeroporto Oscar Laranjeira
4926,,12511035,Aeroporto Arcoverde
4929,PNZ,12511269,Aeroporto Senador Nilo Coelho
4930,PAV,12511266,Aeroporto Paulo Afonso
4933,MCZ,12511069,Aeroporto Internacional Zumbi dos Palmares
4934,APQ,12523476,Aeroporto Arapiraca
4937,,12511305,Aeroporto Santa Maria
4939,,12511191,Aeroporto Jacobina
4943,,12511201,Aeroporto João Durval Carneiro
4947,,12511297,Aeroporto S A Mineracao de Amianto
4948,JEQ,12511195,Aeroporto Jequie
4949,ITN,12511183,Aeroporto Itabuna
4952,,12511375,Aeroporto Vitoria da Conquista
4955,CGB,12511228,Aeroporto Internacional Marechal Rondon
4959,ARS,12511028,Aeroporto Aragarcas
4963,,12511216,Aeroporto Luziania
4964,APS,12511023,Aeroporto Anapolis
4964,,12511024,Base de Força aérea de Anapolis
4968,BPS,12511284,Aeroporto Porto Seguro
4970,GYN,12511301,Aeroporto Santa Genoveva
4974,PIV,12523665,Aeroporto Pirapora
4975,,12523734,Aeroporto Teixeira de Freitas
4981,,12523530,Aeroporto Catalao
4985,POJ,12523657,Aeroporto Patos de Minas
4986,,12511030,Aeroporto Araguari
4987,,12511107,Aeroporto Curvelo
4988,GVR,12511160,Aeroporto Governador Valadares
4989,,12511358,Aeroporto Tenente-Coronel Aviador César Bombonato
5001,UBA,12511357,Aeroporto Uberaba
5004,,12511081,Aeroporto Carlos Prates
5004,PLU,12511257,Aeroporto da Pampulha
5004,,12523500,Aeroporto Beti
5014,,12511159,Aeroporto Goiabeiras
5019,CGR,12511071,Aeroporto Internacional Campo Grande
5020,VOT,12523762,Aeroporto Votuporanga
5022,,12511149,Aeroporto Franca
5025,,12511165,Aeroporto Guarapari
5029,PSW,12523655,Aeroporto Passos
5034,SJP,12511317,Aeroporto Sao Jose do Rio Preto
5040,RAO,12511210,Aeroporto Leite Lopes
5042,,12511086,Aeroporto Catanduva
5043,,28835343,Aeroporto Prefeito Octávio de Almeida Neves
5060,,12511151,Aeroporto Francisco de Assis
5063,CAW,12511048,Aeroporto Bartolomeu Lisandro
5064,AQA,12511033,Aeroporto Araraquara
5065,POO,12511276,Aeroporto Embaixador Walther Moreira Salles
5076,,12511229,Aeroporto Dr Gastao Vidigal
5082,BAU,12511049,Aeroporto Bauru
5087,MEA,12511217,Aeroporto de Macaé
5096,REZ,12511291,Aeroporto Resende
5099,PJC,12523659,Amambay Airport
5109,,12511273,Aeroporto Piracicaba
5113,,12511013,Aeroporto Afonsos
5113,SNZ,12511299,Aeroporto Santa Cruz
5113,SDU,12511312,Aeroporto Santos Dumont
5113,,56049635,Aeroporto de Jacarepagua
5116,,12511168,Aeroporto Guaratingueta
5118,,12511323,Aeroporto Sao Pedro da Aldeia
5118,,56049636,Aeroporto de Cabo Frio
5123,,28835345,Aeroporto de Maricá
5124,BJP,12523505,Aeroporto Braganca Paulista
5125,OUS,12511252,Aeroporto Ourinhos
5129,,56049643,Aeroporto Olavo Amorim Silveira
5134,QDV,12511205,Aeroporto Jundiai
5135,,12511318,Aeroporto Sao Jose dos Campos
5140,,12511215,Aeroporto Londrina
5142,GRU,12511170,Aeroporto Internacional Governador André Franco Montoro
5142,,12511232,Aeroporto Campo de Marte
5142,ZFU,12523485,Aeroporto Aruja
5142,CGH,23388212,Aeroporto Internacional de Congonhas
5146,MGF,12511231,Aeroporto Regional Silvio Name Júnior
5148,SOD,12511334,Aeroporto Sorocaba
5149,UBT,12511356,Aeroporto Ubatuba
5154,UMU,12511359,Aeroporto Ernesto Geisel
5171,CWB,12511012,Aeroporto Internacional Afonso Pena
5171,BFH,12511039,Aeroporto de Bacacheri
5176,AGT,12523540,Alejo Garcia Airport
5177,PNG,12511258,Aeroporto Municipal de Paranagua
5180,,12511150,Aeroporto Paulo Abdala
5182,,12510497,Formosa Airport
5183,PTO,12511263,Aeroporto Municipal de Pato Branco
5190,CFC,12523508,Aeroporto Cacador
5193,NVT,12511240,Aeroporto Internacional Ministro Victor Konder
5199,CNT,12523535,Charata Airport
5203,PSS,12510533,Posadas Airport
5205,RES,12510540,Resistencia Airport
5206,CNQ,12510484,Corrientes Airport
5210,,12511118,Aeroporto Comandante Kraemer
5211,,12511208,Aeroporto Lajes
5222,,12510463,Bella Vista Airport
5224,,12511313,Aeroporto Sao Borja
5229,CXJ,12511068,Aeroporto Campo dos Bugres
5231,BGV,12523499,Aeroporto Bento Goncalves
5234,,12523739,Aeroporto Torres
5241,ALQ,12523463,Aeroporto Federal
5248,BUV,12523497,Bella Union Airport
5257,,12523559,Aeroporto Dom Pedrito
5265,PET,12511267,Aeroporto Pelotas
5271,RIG,12511293,Aeroporto Rio Grande
5281,ROS,12510547,Rosario Airport
5317,,12510511,La Plata Airport
5318,PDP,12522563,Maldonado Airport
5333,REC,12511167,Aeroporto Internacional Gilberto Freyre
5335,SSA,12511112,Aeroporto Internacional Dep. Luís Eduardo Magalhães
5336,BSB,12511058,Aeroporto Internacional Juscelino Kubitschek
5339,,12515187,Silvio Pettirossi International Airport
5345,,12511021,Aeroporto Amarais
5345,,12511374,Aeroporto Internacional de Viracopos
5345,CPQ,12523513,Aeroporto Internacional Campinas
5346,URG,12511295,Aeroporto Internacional Rubem Berta
5347,QNS,12511076,Aeroporto Canoas
5347,POA,12511298,Aeroporto Internacional Salgado Filho
5347,GCV,12523571,Aeroporto Gravatai
5348,,12510466,Campo de Mayo Airport
5348,,12510488,Don Torcuato Airport
5348,,12510490,El Palomar Airport
5348,EZE,12510496,Ministro Pistarini International Airport
5348,,12510520,Mariano Moreno Airport
5348,,12510523,Moron Airport
5348,,12510551,San Fernando Airport
5348,,12523703,Saenz Pena Airport
5348,AEP,23388199,Aeroparque Jorge Newbery
5348,RLO,24554863,Merlo International
5349,,12522556,Angel S Adami Airport
5349,MVD,12522559,Carrasco International Airport
5349,,12522562,General Artigas Airport
5350,BVB,12511054,Aeroporto Internacional Boa Vista
5351,,12511218,Aeroporto Internacional Macapa
5354,,12511204,Aeroporto Julio Cesar
5354,BEL,12511369,Aeroporto Internacional Val de Cans
5356,RSA,12510559,Santa Rosa Airport
5363,RDS,12510541,Rincon de Los Sauces Airport
5370,ZCO,12512332,Maquehue Airport
5376,,12510526,Neuquen Airport
5388,CPG,12523522,Carmen de Patagones Airport
5393,,12510568,Trelew Aeroclub Airport
5405,CVI,12523511,Caleta Olivia Airport
5412,,24554862,Aeropuerto Internacional El Calafate
5417,CRD,12510499,General Enrique Mosconi Airport
5419,SST,12510560,Santa Teresita Airport
5434,MDQ,12510518,Mar del Plata Airport
5438,MJR,12523634,Miramar Airport
5445,SJO,12512434,Juan Santamaria International Airport
5445,SYQ,23388260,Aeropuerto Nacional Tobias Bolanos
5447,,12515411,Albrook Airport
5447,PAC,12515428,Paitilla-Marcos A Gelabert International Airport
5448,,12512395,Marco Fidel Suarez Air Base
5452,SNC,12512632,General Ulpiano Paez Airport
5455,CUE,12512642,Mariscal Lamar Airport
5457,,12515205,Iquitos Airport
5458,LOH,12523618,Loja Airport
5459,,12515195,Capitan Montes Airport
5461,PIU,12515194,Capitan Concha Airport
5464,CIX,12515192,Cap J A Quinones Gonzales Airport
5469,PCL,12515216,Pucallpa Airport
5478,AYP,12515198,Cnl Alfredo Mendivil Duarte Airport
5480,CUZ,12515222,Velazco Astete Airport
5482,PIO,12515215,Pisco Airport
5484,JUL,12515207,Juliaca Airport
5488,,12515196,Cesar Torque Podesta Airport
5491,,12515202,Cor Fap Carlos C Santa Rosa Airport
5495,,12512326,La Chimba Airport
5501,,12512327,La Florida Airport
5504,OVL,12523648,Ovalle Airport
5507,,12512337,Quintero Airport
5510,,12523620,Los Andes Airport
5512,,12523255,Valparaiso Airport
5513,,12512318,El Belloto Airport
5520,,12512316,De la Independencia Airport
5528,TLX,12524458,Talca Airport
5537,,12515200,Collique Airport
5537,,12515208,Las Palmas Airport
5537,,23388342,Jorge Chavez Airport
5538,SCL,12512304,Arturo Merino Benitez International Airport
5538,,12512319,El Bosque Airport
5538,,12512323,Eulogio Sanchez Airport
5539,,12512365,Benito Salas Airport
5539,NVA,12524502,Neiva Lamarguita Airport
5540,ATF,12523470,Chachoan Airport
5543,CCP,12512311,Carriel Sur International Airport
5554,,12512643,Mariscal Sucre International Airport
5556,,12512626,Cotopaxi Airport
5557,MEC,12512629,Eloy Alfaro Airport
5558,PVO,12512647,Reales Tamarindos Airport
5566,,12516040,Inta Airport
5585,UCT,12517120,Ust Ukhta Airport
5593,,12516195,Knyazhpogost Airport
5617,,12516096,Kargopol Airport
5631,,12516419,Megion Airport
5666,,12516955,Supra Airport
5708,,12516893,Solikamsk Airport
5723,,12517281,Zarechye Airport
5745,,12516509,Nizhnaya Tura Northeast Airport
5747,,12516166,Kirov Airport
5747,,12516372,Lyangasovo Airport
5757,,12516851,Sharga Airport
5760,,12516399,Manturovo Airport
5801,,12517235,Yaroslavl Airport
5834,,12516048,Ivanovo North Airport
5834,,12516202,Kokhma Airport
5887,,12515736,Arti Airport
5910,,12516836,Semyazino Airport
5912,,12516173,Kirzhach Airport
5927,,12516482,Nazarovo Airport
5934,,12516113,Kazan North Airport
5965,,12516462,Murom North Airport
5973,,12516709,Podolsk Dubrovitsy Airport
5977,,12516306,Kurgan West Airport
5988,,12516123,Kemerovo Airport
6010,OMS,12516609,Omsk Southwest Airport
6017,,12516825,Sarova Airport
6061,,12517078,Ulyanovsk South Airport
6066,,12517040,Tula Airport
6066,,12517041,Tula North Airport
6075,,12516551,Novomoskovsk Airport
6111,,12515869,Buguruslan Airport
6117,,12516311,Kurumoch Airport
6127,,12515777,Barnaui Airport
6165,,12517246,Yelets West Airport
6186,,12516753,Pugachev Airport
6211,,12516407,Marks Airport
6231,,12516627,Orsk East Airport
6264,,12517137,Valuyki Airport
6269,,12516830,Sebrovo Airport
6277,,12514359,Karaganda Southeast Airport
6287,,12518231,Chertkovo Airport
6291,,12516922,Srednyaya Akhtuba Airport
6299,,12517175,Vladimirovka Airport
6308,,12517307,Zimovniki East Airport
6309,BXH,12514283,Balkhash Airport
6310,BKA,12515878,Bykovo Airport
6310,,12515903,Chernoye Airport
6310,SVO,12516860,Sheremtyevo Airport
6310,,12517053,Tushino Airport
6310,,12516626,Orlovo Airport
6310,,12517260,Ynukovo Airport
6336,,12517056,Tyazhin Airport
6340,CEK,12515894,Chelyabinsk Balandino Airport
6355,SGC,12516957,Surgut North Airport
6356,NJC,12516511,Nizhnevartovsk Northwest Airport
6357,,12516945,Strezhevoy Southeast Airport
6361,CEE,12515900,Cherepovets Airport
6362,,12515762,Bakharerka Airport
6362,PEE,12515842,Bolshesavino Airport
6363,,12517062,Tyumen Northwest Airport
6363,,12516699,Plekhanova Airport
6367,,12516899,Sormovo Airport
6375,,12516563,Novosibirsk North Airport
6375,,12516564,Novosibirsk Northeast Airport
6378,,12517066,Ufa Northeast Airport
6378,,12517067,Ufa Northwest Airport
6383,,12516382,Magnitogorsk Airport
6384,,12515811,Bezymyanka Airport
6384,,12516317,Kuybyshev-Kryazh Airport
6384,,12516887,Smyshlayevka Airport
6385,,12516172,Kirsanov Airport
6386,,12517195,Voronezh East Airport
6386,,12517196,Voronezh Southwest Airport
6388,RTW,12516819,Saratov Airport
6388,,12516820,Saratov South Airport
6390,,12516023,Gumrak Airport
6390,,12517183,Volgograd Southwest Airport
6395,,12516459,Murmansk Northeast Airport
6406,OUL,12512792,Oulun lentoasema
6433,,12516831,Segezha Airport
6440,TRD,12515128,Trondheim Lufthavn Værnes
6448,,12512775,Kauhava lentokenttä
6464,JOE,12512772,Joensuun lentoasema
6482,,12516900,Sortavala Airport
6503,,12512782,Lappeenrannan lentoasema
6539,HEL,12512766,Helsinki-Vantaan lentoasema
6539,HEM,23388273,Helsinki-Malmin lentoasema
6541,,12515112,Kjeller flyplass
6541,OSL,12515119,Oslo Lufthavn Gardermoen
6544,,12516008,Gorskaya Airport
6573,BMA,12517616,Stockholm-Bromma flygplats
6573,,12517612,Barkarby Flygplats
6580,,12512739,Lasnamae Airport
6580,TLL,12512744,Ulemiste Airport
6585,,12517609,Arboga Flygplats
6587,,12515121,Moss lufthavn Rygge
6599,,12517648,Karlskoga Flygplats
6605,,12517686,Tullinge Flygplats
6618,NYO,12517663,Stockholm-Skavsta Flygplats
6621,,12517656,Norrköping Flygplats
6631,TAY,12523797,Ulenurme Airport
6636,THN,12517685,Trollhättan Vänersborgs Flygplats
6650,,12516926,Stantstya Polkovaya Airport
6653,GSE,12517675,Göteborg City Flygplats
6655,VVK,12523972,Västervik Flygplats
6679,,12514575,Riga Central Airport
6679,RIX,12514576,Riga Airport
6683,,12516064,Kalinin North Airport
6689,HAD,12517635,Halmstad Flygplats
6708,AGH,23319131,Ängelholm Flygplats
6712,,12516806,Rzhev Northwest Airport
6715,RNB,12517671,Ronneby Airport
6723,JHE,12523141,Helsingborg Heliport
6723,,12523971,Landskrona Heliport
6755,VEJ,12523335,Vejle Lufthavn
6768,MMX,23318094,Malmö-Sturup Flygplats
6806,GWT,22294483,Westerland Airport
6814,,12523042,Vilnius Airport
6815,,12515935,Devau Airport
6828,,12515378,Pruszcz Airport
6830,,22227853,Kiel-Holtenau Airport
6832,,12513241,Stralsund Kedingshagen Airport
6833,,12510968,Molodechno Northeast Airport
6838,,12515299,Elblag Airport
6853,,12510965,Minsk Northeast Airport
6853,,12510966,Minsk International 1
6857,,12510960,Lida North Airport
6880,,22656457,Bremerhaven Luneort Airport
6904,,12516483,Ndb Bryansk Airport
6920,,12513201,Oldenburg Airport
6921,,22237383,Lemwerder Airport
6922,,12515326,Krywlany Airport
6923,BZG,12523956,Szwederowo Airport
6939,,12516618,Orel Southwest Airport
6961,,12516190,Klintsy Northeast Airport
6982,,12513243,Strausberg Airport
6984,,12515372,Plock Airport
6990,POZ,12515333,Lawica Airport
6991,,22235735,Hannover International Airport
6991,,23388280,Hubschr.-Landeplatz
6994,,12513056,Brandenburg Briest Airport
6996,,12513267,Wunstorf Airport
7008,,12516189,Klimovo North Airport
7009,,12513101,Furstenwalde Airport
7020,,12515094,Enschede Airport Twente
7022,BWE,22176819,Braunschweig Airport
7022,,56052105,Flugplatz Salzgitter-drütte
7028,,12510961,Luninets North Airport
7030,,22656469,Magdeburg Airport
7039,,22656463,Hildesheim Airport
7070,,12515409,Zielona Gora Airport
7097,CBU,12523857,Cottbus Airport
7104,,12516308,Kursk East Airport
7126,NRN,12513156,Düsseldorf Niederrhein Flughafen
7134,,12513232,Schwarzheide Airport
7140,,12513179,Merseburg Airport
7144,,12513189,Nardt Airport
7150,,12515341,Lubin Airport
7158,,12513140,Kamenz Airport
7178,,12513081,Dresden Airport
7178,,56052230,Segelflugplatz Pirna-praschwitz
7203,,56052232,Flugsportverein Gotha
7212,,22656461,Gera-Leumnitz Airport
7228,,12513274,Zwickau Airport
7229,UCK,12518337,Lutsk Airport
7233,,56049715,Letiste Liberec
7246,,12512514,Ceskalipa Airport
7249,EGO,12515790,Belgorod North Airport
7253,,56049702,Letiste Most
7253,,56049726,Aeroklub Most
7253,,12512553,Most Airport
7276,,56052012,Flugplatz Bad Neuenahr-ahrweiler
7296,,56052048,Segelflugplatz Elz
7302,,56052023,Flugplatz Ober-mörlen
7306,,12518215,Borispol Airport
7314,ZTR,12524016,Zhitomir Airport
7315,,12518473,Volchansk Airport
7320,,12513071,Coburg Brandensteinsebene Airport
7321,,56049729,Letiste Podborany
7323,,56049714,Letiste Hory
7324,,56049688,Letiste Hradec Kralove
7324,,56049751,Letiste Vekose
7325,,56049722,Letiste Slany
7335,,12515280,Balice Airport
7354,,12515285,Bielsko Airport
7356,,56049681,Letiste Buranos Aires
7359,MXR,12524012,Mirgorod Airport
7362,,12512570,Sumperk Airport
7367,,56049737,Letiste Ceska Trebova
7367,,56049750,Sportovni Letiste Ceska Trebova
7368,,12512519,Chrudim Airport
7373,,12523787,Zabreh Benesov Airport
7379,,12518236,Chuguyev Airport
7382,,56051988,Flugplatz Würzburg-schenkenturm
7388,,12513147,Kitzingen Army Air Field
7392,,12512562,Rokycany Airport
7409,,12514635,Aeroport dé Luxembourg
7411,,56049692,Mezinarodni Letiste Olomouc
7434,,56049727,Prv
7436,,12513215,Ramstein Air Base
7441,HMJ,12518289,Khmelnitskiy Airport
7443,,12512571,Tabor Airport
7455,,12512581,Vyskov Airport
7457,,56051944,Sportflugplatz Neumarkt In Der Opf.
7462,,56052152,Segelfluggelände Sinsheim
7463,,56049754,Vnitrostatni Letiste Strakonice
7510,,12517688,Uppsala Flygplats
7514,ARN,12517610,Stockholm-Arlanda flygplats
7519,TRF,12515126,Sandfjord Lufthavn Torp
7525,,12517661,Malmen Flygplats
7525,,12517672,Linköpings Flygplats
7533,,12517646,Kalmar Flygplats
7537,,12523174,Malmö Flygplats
7537,,12523314,Malmo Harbour Airport
7555,,12513120,Finkenwerder Airport
7555,HAM,22211603,Hamburg Airport
7556,BRE,22177393,Bremen Airport
7559,,56052100,Segelflugplatz Celle-scheuen
7561,,12515283,Bemowo Airport
7561,WAW,12515363,Okecie International Airport
7562,,22656473,Osnabruck-Atterheide Airport
7573,,12515391,Swidnik Airport
7589,,22257687,Nurnberg Airport
7589,,56051933,Flugplatz Herzogenaurach
7589,,12513092,Feucht Army Air Field
7590,,56051762,Aérodrome de Sarreguemines
7590,,56052043,Segelflugplatz Bexbach
7593,,12516002,Gorelovo Airport
7593,,12523047,Pulkuvo 2 Airport
7596,AAL,12512587,Ålborg Lufthavn
7599,ZGH,22851127,Københavns Lufthavn
7600,,12512605,Værløse Lufthavn
7604,,12513104,Gatow Airport
7604,TXL,22164086,Flughafen Berlin-Tegel
7604,THF,22164089,Tempelhof Central Airport
7604,SXF,22276234,Berlin-Schonefeld International Airport
7606,GUT,12513116,Gutersloh Airport
7606,,22656456,Bielefeld-Windelsbleiche Airport
7606,,22656475,Porta-Westfalica Airport
7609,,12515342,Lublinek Airport
7610,,12513183,Mockau Airport
7610,,22275261,Leipzig-Halle Airport
7611,UMY,12524014,Sumy Airport
7612,,12518447,Svyatoshino Airport
7612,IEV,12518501,Zhulyany Airport
7613,,12515319,Katowice Airport
7614,,12512533,Kbely Airport
7614,,12512535,Klecany Vodochody Airport
7614,,12512573,Tocna Airport
7614,,56049745,Letiste Borek
7615,HRK,12518282,Kharkov Airport
7615,,12518283,Kharkov North Airport
7615,,12518284,Kharkov-Lyubotin Airport
7615,,12518285,Kharkov-Rogan Airport
7616,,12515305,Gotartowice Airport
7618,,12512545,Medlanky Airport
7618,,23388270,Svazarmu
7641,,12518146,Scampton Airport
7649,,22357533,Den Helder Airport
7656,,22481371,Norwich Airport
7674,AYH,12518030,Alconbury Airport
7674,,12518182,Wyton Airport
7676,CBG,22458071,Cambridge Airport
7683,UTC,23195459,Vliegbasis Soesterberg
7691,QAR,12515084,Deelen Airport
7720,HTF,12518098,Hatfield Aerodrome
7731,,22656479,Zeeland Airport B. V.
7741,,22484617,Kent International Airport
7745,,12523772,Knokke-Het Zoute Airport
7747,,12518087,Farnborough Airport
7758,,12510851,Kleine Brogel Airport
7767,,12510852,Koksijde Airport
7768,LGW,23387567,London Gatwick Airport
7779,SOU,22488616,Southampton International Airport
7780,CQF,12523087,Aéroport Calais-Dunkerque
7785,BSH,12523976,Brighton Airport
7817,,56051778,Aérodrome D'arras-roclincourt
7840,,56051758,Aérodrome de Compiègne-margny
7855,,56051776,Aérodrome Du Plessis
7856,,12523810,Fauville Airport
7862,RNS,12512973,Aéroport de Rennes-Saint-Jacques
7866,,12512881,Aéroport International de Nantes-Atlantique
7868,,22480195,Newcastle International Airport
7872,,12515095,Valkenburg Airport
7872,,12515098,Ypenburg Airport
7872,AMS,22386730,Amsterdam Airport Schiphol
7877,,12518131,Mildenhall Airport
7880,,23046924,Dortmund Airport
7880,,56052071,Flugplatz Hamm
7880,,56052073,Segelflugplatz Iserlohn-sümmerheide
7880,,56052076,Segelflugplatz Heeren-werve
7880,LGG,12510845,Bierset Airport
7880,,12523854,Bonn-Hangelar
7880,MGL,22246822,Dusseldorf Monchengladbach Airport
7880,,22247850,Essen-Mulheim Airport
7880,,22656470,Loemuhle Airport
7880,,22656478,Aachen-Merzbruck Airport
7880,DUS,23024911,Dusseldorf International Airport
7880,CGN,23030981,Flughafen Köln-Bonn
7880,,56052086,Segelflugplatz Dorsten
7880,,56052089,Segelflugplatz Wesel
7880,,56052090,Motor- Und Segelflugplatz Saalhoff
7880,,56052225,Segelflugpl. Heiligenhaus-zehnthof
7880,,56052227,Segelflugplatz Hilden-kesselsweier
7880,,56052228,Segelflugplatz Düsseldorf-knittkuhl
7880,,56052229,Landeplatz Leverkusen-kurtekotten
7882,,12518049,Brooklands Airport
7882,,12518134,Northolt Airport
7882,,12518151,Southend Airport
7882,HEN,12523987,Hendon Aerodrome
7882,RCS,12524003,Rochester Airport
7882,XET,22475376,London City Airport
7882,BQH,22493878,Biggin Hill Airport
7882,,22656542,London Heliport
7882,,22656549,Stapleford Tawney Aerodrome
7882,,23382429,London Heathrow Airport
7884,EIN,12515087,Eindhoven Airport
7886,,12523926,Wonsdrecht Airport
7886,ANR,22028955,Internationale Luchthaven Antwerpen
7886,BRU,22103751,Luchthaven Brüssel Nationaal
7889,,12523162,Aéroport de Lille-Lesquin
7889,,22656455,Aéroport de Lille-Marc-en-Baroeul
7889,,56049640,Aérodrome de Lens-Bénifontaine
7889,,12510853,Kortrijk Wevelgem Airport
7889,,56049637,Aérodrome de Valenciennes-Denain
7891,CRL,22048658,Brussels South-Aeroport dé Charleroi Så
7892,,22905957,Aéroport Amiens-Glisy
7894,,12512898,Frescaty Airport
7894,,56049641,Aérodrome de Thionville-Yutz
7896,DCS,12518090,Doncaster Finningley Airport
7896,XNM,12518136,Nottingham Airport
7896,DSA,22656550,Sheffield Airport
7896,LBA,22471856,Leeds Bradford Airport
7898,QQY,22454274,Birmingham International Airport
7905,,12518115,Lee on Solent Airport
7905,PME,12523999,Portsmouth Airport
7913,,12516549,Novominskaya Airport
7933,,12516255,Krasnodar-Novo Titarovskaya Airport
7936,,12516256,Krasnodar-Pashovskiy Airport
7948,,12516329,Labinsk Airport
7949,,12516414,Maykop North Airport
7955,AER,12515677,Adler Airport
7958,TZX,12523250,Trabzon Air Base
7981,,12517881,Diyarbakir Airport
8021,,12517907,Malatya Airport
8028,,12524010,Kherson Airport
8036,KLU,12510824,Aeroporto de Klagenfurt
8049,CDF,12513815,Fiames Airport
8052,,12515555,Mureseni Airport
8058,,12515554,Moinesti Airport
8062,,22656517,Aerodrome de la Cote
8066,,12513396,Kaposvar Airport
8074,SZD,12513429,Szeged Airport
8091,,12512843,Annemasse Airport
8091,GVA,23365569,Aéroport International de Genève
8104,ARW,12515518,Ceala Airport
8108,BLX,12523919,Belluno Airport
8116,,12518427,Skadovsk Airport
8129,TRS,12513859,Ronchi Dei Legionari Airport
8132,NCY,12512937,Aéroport d'Annecy-Haute Savoie
8160,,12515585,Timisoara Cioca Airport
8166,,12513801,Aosta Airport
8184,JLO,12523914,Jesolo Airport
8188,,12515534,Galati North Airport
8194,,12518403,Reni Airport
8195,,12518291,Kiliya Airport
8206,,12518266,Izmail Airport
8230,,12518490,Yevpatoriya Airport
8235,RJK,12513371,Rijeka Krk Airport
8245,,12517594,Vrsac Airport
8246,AHZ,12523836,L'alpe-D'huez Airport
8268,SIP,12518424,Simferopol North Airport
8278,BEG,12517583,Surcin Airport
8318,,12518198,Belbek Airport
8318,,12518286,Khersones Airport
8318,,12518417,Sevastopol Southwest Airport
8320,,12515590,Turnu Severin Airport
8324,OTP,12515558,Otopeni Airport
8324,BBU,23388350,Aeroportul National Bucuresti-Baneasa
8333,GOA,12513821,Genoa Cristoforo Colombo Airport
8341,BAE,12523804,Saint-Pons Airport
8348,CRA,12523964,Craiova Airport
8356,,12513820,Forli Airport
8357,,12515512,Calarasi Airport
8364,ALL,12513797,Albenga Airport
8413,INI,12517587,Nis Airport
8421,,12511506,Shumen North Airport
8423,VAR,12511529,Topoli Airport
8428,,12511551,Vratsa North Airport
8448,,12511443,Karalite Airport
8451,SOF,12511552,Vrazhdebna Airport
8466,,12515535,Geamana Airport
8476,SZR,12523779,23 Helicopter Air Base
8483,TGD,12517592,Titograd Airport
8511,,12510416,Shtojiri Airport
8513,,56051793,Aérodrome de Ghisonaccia-alzitone
8520,AJA,12512869,Aéroport International Ajaccio-Campo Dell'oro
8561,,12513823,Gino Lisa Airport
8568,SSX,12523232,Samsun Airport
8583,,12517884,Eregli Airport
8590,DRM,12523870,Drama Airport
8613,OLB,12513840,Olbia Costa Smeralda Airport
8637,,12517874,Bolu Airport
8640,SKG,12513329,Thessaloniki Airport
8645,,12517921,Yalova Airport
8649,BDS,12513811,Casale Airport
8668,,12513860,San Pancrazio Airport
8675,BTZ,12517876,Bursa Airport
8692,,56049775,Canakkale Havaalani
8695,,12517889,Esenboga Airport
8704,,12517868,Akhisar Tsa Airport
8708,,12513303,Lamia Airport
8711,ASR,12517886,Erkilet Airport
8754,REG,22315780,Aeroporto di Reggio Calabria
8757,,12513289,Elefsis Airport
8757,,12513328,Tatoi Airport
8769,,12517904,Konya West Airport
8778,DNZ,12523098,Cardak Airport
8779,,12517898,Isparta Airport
8786,CTA,22307044,Catania Fontanarossa Airport
8793,,12513330,Tripolis Airport
8819,BJV,12523053,Milas Airport
8820,,12517897,Incirlik Air Base
8820,ADA,12517911,Sakirpasa Airport
8824,AYT,12517869,Antalya Airport
8830,AAE,12510325,El Mellah Airport
8836,TUN,23388364,Aeroport Tunis
8840,GJL,12510349,Taher Airport
8864,,12510316,Blida Airport
8864,,12510320,Boufarik Airport
8878,,12513309,Maritsa Airport
8878,RHO,12513316,Paradisi Airport
8898,,12510352,Telerghma Airport
8915,CHQ,12513324,Souda Airport
8919,TEE,12510351,Tebessa Airport
8923,HER,12513291,Iraklion Airport
8929,,12512500,Lakatamia Airport
8932,,12513331,Tympaki Airport
8939,SFA,12517857,El Maou Airport
8950,,12517859,Gafsa Airport
8956,GAE,12517858,Gabes Airport
8958,,12514565,Riyaq Airport
8970,,12517707,Mezze Airport
8975,DAM,12517698,Damascus International Airport
8984,,12513783,Kefar Gallim Highway Strip Airport
8984,HFA,12513795,U Michaeli Airport
8988,,12514672,Tripoli International Airport
8988,,12514674,Umm Aitiqah Airport
8996,,12513785,Megiddo Airport
9006,MRA,12514660,Misurata Airport
9013,,12513789,Palmahim Air Base
9026,,12514636,Agedabia Airport
9028,,12514668,Ras Lanuf Oil Airport
9030,,12514658,Marsa Brega Airport
9036,,12518238,Dalnik Airport
9036,,12518373,Odessa Airport
9036,,12518374,Odessa Central Airport
9037,,22656435,Lausanne-Blecherette Regional Airport
9038,BZO,12513807,Bolzano Airport
9040,,12517725,Sion Airport
9044,LUG,23354864,Aeroporto di Lugano-Agno
9048,ZAG,12513376,Zagreb Airport
9049,,12513867,Verona Boscomantico Airport
9049,VRN,22592277,Aeroporto di Verona-Villafranca
9049,VIC,12513868,Vicenza Airport
9051,,22656434,Aeroporto G. Nicelli
9058,PMF,12513845,Parma Airport
9070,SPU,12513372,Split Airport
9074,PEG,12513847,Perugia Airport
9074,,22623853,Perugia Sant' Egidio
9077,PSR,12513848,Pescara Airport
9080,,12513828,Guidonia Airport
9080,,12513832,Latina Airport
9080,,12513858,Roma Urbe Airport
9080,CIA,22307480,Ciampino Airport
9080,,22318195,Aeroporto Internazionale Leonardo da Vinci
9080,,23388297,Ex Aeroporto di Centocelle
9088,JKH,12513287,Chios Airport
9092,ALG,12510331,Houari Boumediene Airport
9095,MIR,12517860,Habib Bourguiba International Airport
9101,,12514564,Kleiat Airport
9101,,12517705,Latakia Airport
9102,BEY,23388329,Beirut International Airport
9104,ADJ,23388321,Al Matar Airport
9107,TSF,22321438,Aeroporto di Treviso-Sant'angelo
9108,,12513808,Bresso Airport
9108,,12513809,Cameri Airport
9108,,12513865,Venegono Airport
9108,SWK,12523358,Segrate Airport
9108,MXP,22306432,Malpensa International Airport
9108,,22314960,Linate Airport
9108,,56049630,Aeroporto Arturo Ferrarin
9108,,56052234,Air Vergiate
9108,BGY,22309691,Orio Al Serio Airport
9109,SBZ,12515589,Turnisor Airport
9111,QPA,12513841,Padova Airport
9113,,12513796,Aeritalia Airport
9113,TRN,12513862,Turin International Airport
9116,,56052237,Aeroporto di Reggio Nell'emilia
9117,BLQ,12513806,Bologna Airport
9121,,12513813,Cervia Airport
9121,RMI,12513855,Rimini Airport
9122,PSA,12513850,Pisa Airport
9122,,12513851,Pontedera Airport
9122,,12513846,Florence Airport
9123,JCA,12523296,Croisette Heliport
9123,,12523814,Broye-les-Pesmes Airport
9123,XXT,12523829,Sophia Antipolis Heliport
9123,,22143543,Aéroport de Nice-Cote d'Azur
9123,CEQ,22878800,Aéroport de Cannes-Mandelieu
9124,,12513819,Falconara Airport
9125,,12512974,Frejus-St Raphael Airport
9125,,12523328,St. Tropez Heliport
9131,,12513852,Pratica di Mare Airport
9133,BRI,12513843,Palese Macchie Airport
9135,,12513810,Naples International Airport
9135,,56052236,Aeroporto di Salerno
9137,,12517905,Kosekoy Airport
9137,,12517912,Samandira Airport
9137,,12517918,Topel Airport
9137,,12517919,Tuzla Airport
9137,SAW,23416958,Istanbul Sabiha Gokcen Airport
9137,,56049779,Sabiha Gokcen Havaalani
9138,,23388365,Ataturk Hava Limani Airport
9142,,12513827,Grottaglie Airport
9145,,23388293,Sde Dov Airport
9151,,12512891,Domerat Airport
9152,,12512880,Charnay Airport
9153,,56051805,Aérodrome D'oyonnax
9155,,12512879,Charmeil Airport
9165,CMF,12512839,Aéroport de Chambéry-Aix-les-Bains
9165,,12512876,Challes les Eaux Airport
9168,EBU,12512859,Aéroport de Saint-Etienne-Bouthéon
9170,,56051797,Aérodrome de Grenoble Le Versoud
9174,,56051811,Aérodrome de Romans Saint-paul
9175,AUR,12512848,Aéroport d'Aurillac
9182,,56051787,Aérodrome de Château-arnoux
9198,,56051791,Aérodrome de Vinon-sur-verdon
9201,,56051875,Aérodr. de Bédarieux-la-tour/orb
9209,CCF,12512962,Aéroport de Carcassonne-Salvaza
9229,,12512870,Caritat Airport
9229,,12512951,Plan de Dieu Airport
9229,AVN,12523803,Aéroport d'Avignon
9229,,56051790,Aérodrome de Pierrelatte
9229,,56051796,Aérodrome de Pont-st-esprit-lamotte
9229,,56051804,Aérodrome Edgar Soumille
9229,,56051876,Aérodrome D'avignon-pujaut
9229,,12512840,Aix les Milles Airport
9229,CTT,12512918,Le Castellet Airport
9229,TLN,12512920,Aéroport de Toulon-Hyères
9229,MRS,12512931,Marignane Airport
9229,,12512950,Pierrefeu Airport
9229,,12523802,Agora Heliport
9229,,56051794,Aérodrome de Berre-la Fare
9232,LYN,12512866,Aéroport de Lyon-Bron
9232,LYS,12512963,Aéroport de Lyon Saint-Exupéry
9232,,22656441,Aerodrome de Lyon-Corbas
9232,,56051788,Aérodrome de Saint-rambert-d'albon
9232,,56051808,Aérodrome de Lyon-brindas
9233,CFE,12512847,Aéroport de Clermont-Ferrand
9234,,12512874,Aéroport de Valence-Chabeuil
9234,,56051789,Aérodrome de Montélimar
9235,GRO,23268768,Aeropuerto de Girona
9241,ORN,12510326,Es Senia Airport
9249,,12510336,Mecheria Airport
9258,BVE,12512905,La Roche Airport
9260,BOD,12512934,Aéroport de Bordeaux
9272,MDM,12512940,Mont de Marsan Airport
9273,TLS,12512856,Aéroport de Toulouse-Blagnac
9273,,12512896,Francazal Airport
9273,,12512914,Lasbordes Airport
9273,XYT,12512941,Montaudran Airport
9317,,56051854,Aérodrome de Montauban
9318,,56051851,Aérodrome de Tarbes-laloubère
9321,,12518333,Severodoneck Airport
9324,,12524011,Kramatorsk Airport
9333,,12524015,Lugansk Airport
9352,,12518318,Krasnyy Luch Airport
9353,,12523100,Donetsk Airport
9382,,12516969,Taganrog Northwest Airport
9390,ROV,12516787,Rostov East Airport
9390,,12516788,Rostov North Airport
9390,,12516789,Rostov Northwest Airport
9390,,12516790,Rostov Southwest Airport
9395,,12514629,Spisska Nova Ves Airport
9396,,12523866,Pforheim Airport
9401,ZTN,12514631,Trencin Airport
9405,,56051991,Sportflugplatz Deggendorf
9412,,12512506,Breclav Airport
9416,KSC,12514604,Barca Airport
9425,,12518273,Kamenets Podolskiy Airport
9426,,12518188,Aleksandriya North Airport
9432,,12518243,Dnepropetrovsk Northeast Airport
9433,,56049638,Aérodrome de Lunéville-Croismare
9434,,12518458,Uzhgorod Airport
9438,PZY,12514620,Piestany Airport
9458,,56051949,Flugplatz Günzburg-donauried
9463,,56051677,Flugplatz Krems-langenlois
9471,MUC,22923040,Franz-Josef-Strauss Airport
9471,,22923076,Tôr Sud
9471,,22923292,Lufthansa Cargo Center
9471,,22923294,Hauptzollamt München Flughafen Exportabfertigung
9472,,56051685,Flugplatz Stockerau
9476,ZNI,12514617,Nitra Southeast Airport
9477,ERD,12518200,Berdyansk Airport
9481,,12518412,Rudnik Shavri Airport
9489,,56051702,Segelflugplatz Linz
9513,,12510828,Wels Airport
9517,MCQ,12513412,Borsod Megyei Airport
9519,CMR,12523806,Aéroport de Colmar-Houssen
9530,,12513096,Freiburg Airport
9532,,12513415,Nyregyhaza Airport
9539,,56049759,Sportrepuloter
9542,,12513413,Mosonszolnok Airport
9545,,12512900,Habsheim Airport
9556,SZG,12510826,Flughafen Salzburg
9557,,56049761,Esztergom Repuloter
9563,,12514714,Bel'tsy Airport
9571,,12515508,Botosani Airport
9579,,22656466,Konstanz Airport
9580,,12515571,Scheia Airport
9584,,12512851,Aéroport de Bâle-Mulhouse
9584,BSL,12523049,Euroairport Basel-Mulhouse-Freiburg
9584,,56052172,Landeplatz Herten
9585,,22244457,Friedrichshafen Airport
9592,DEB,12523875,Debrecen Airport
9598,,56051719,Flugplatz Hegmatten
9603,,12512887,Courcelles Airport
9604,,56049764,Kecsked Repuloter
9605,ACH,23344872,Flugplatz St. Gallen-Altenrhein
9609,,12513394,Hajduszoboszlo Airport
9621,,56051739,Flugplatz Olten
9632,,12513431,Szombathely Airport
9639,,12513424,Rakoczifalva Airport
9639,,12513430,Szolnok Airport
9641,IAS,12515544,Iasi North Airport
9659,GRZ,22014356,Flughafen Graz
9660,,12514720,Kishinev Southeast Airport
9704,,12513073,Coleman Army Air Field
9704,,12513076,Darmstadt Army Air Field
9704,,12513121,Hanau Army Air Field
9704,,12513126,Heidelberg Army Air Field
9704,QKA,12513141,Karlsruhe Forchheim Airport
9704,WIE,12513260,Wiesbaden Air Base
9704,MHG,22243020,Mannheim City Airport
9704,,22656459,Egelsbach Airport
9704,,22656462,Aschaffenburg Airport
9704,,22656477,Speyer Airport
9704,ZRB,22981759,Flughafen Frankfurt Åm Main
9704,,56052008,Landeplatz Oppenheim
9704,,56052040,Flugplatz Worms
9704,,56052145,Segelfluggelände
9704,,56052146,Landeplatz Walldorf
9704,,56052171,Landeplatz Hockenheim
9704,,56052199,Sportflughafen Schwetzingen
9704,,56052210,Segelflugplatz Bruchsal
9704,,12513045,Baden Baden Oos Airport
9704,,56052018,Landeplatz Langenlonsheim
9704,,56052049,Flugplatz Bad Dürkheim
9704,,56052215,Segelfluggelände Rastatt
9705,STR,22236827,Stuttgart Airport
9705,,56052142,Segelfluggelände
9705,,56052143,Segelfluggelände Heilbronn-horkheim
9705,,56052179,Segelfluggelände Hamberg
9705,,56052203,Segelfluggelände
9705,,56052187,Segelfluggelände
9706,,56052156,Segelfluggelände Vaihingen (enz)
9708,SXB,12512892,Aéroport International Strasbourg
9708,,22656453,Aerodrome de Strasbourg-Neuhof
9709,,22656454,Aéroport de Nancy-Essey
9710,,12513200,Offenburg Airport
9711,,12513158,Flughafen Lähr
9712,,22656439,Flughafen Wiener Neustadt West Airport
9712,VIE,22022012,Flughafen Wien-Schwechat
9712,,56051676,Flugplatz Vöslau
9712,,56051683,Militärflugplatz Wiener Neustadt
9714,BTS,12514608,Bratislava Airport
9714,,12514611,Ivanka Airport
9723,,12518212,Bolshoy Tokmak Airport
9730,,12512541,Kunovice Airport
9730,UHE,12523786,Uherske Hradiste Airport
9731,,12513242,Straubing Wallmuhle Airport
9732,AGB,12513043,Augsburg Muhlhausen Airport
9733,,12513100,Furstenfeldbruck Airport
9733,,12513190,Neubiberg Airport
9733,,23388283,Flughafen Neu-Riem
9734,,12518323,Krivoy Rog Northwest Airport
9737,,12513385,Budakeszi Airport
9737,,12513386,Budaors Airport
9737,,12513388,Dunkezi Airport
9737,BUD,12513389,Ferihegy Airport
9737,,12513435,Tokol Airport
9737,,12513439,Vitorlazo Airport
9737,,56049756,Dunakeszi Repuloter
9737,,56049760,Harmashatar Hegy Repuloter
9737,,56049765,Harmashatarhegyi Repuloter
9738,,12517717,Dubendorf Airport
9738,ZRH,22442771,Zurich International Airport
9739,,12510823,Flughafen Innsbruck
9749,,56051752,Aérodrome de Cerny-la Ferté-alais
9754,,56051826,Aérodrome D'alençon
9775,,12512850,Avrille Airport
9778,,12512976,Aéroport de Tours-Val-Dé-Loiré
9780,DIJ,12512926,Aéroport de Dijon-Bourgogne
9797,CHR,12512890,Aéroport Marcel Dassault-Châteauroux Déols
9801,,12512862,Bretigny sur Orge Airport
9801,,12523323,La Defense Heliport
9801,,12523447,Heliport de Paris
9801,JEV,12523811,Evry Heliport
9801,TNF,12523833,Toussus-le-Noble Airport
9801,,22137770,Aéroport de Paris-Le Bourget
9801,CDG,22140453,Aéroport Roissy-Charles de Gaulle
9801,ORY,22144181,Aéroport de Paris Orly
9801,,22656440,Aerodrome de Chelles
9801,,22656442,Aerodrome de Meaux-Esbly
9801,,22656444,Aerodrome Dés Mureaux
9801,,22656445,Aerodrome de Lognes-Emerainville
9801,,22656450,Aerodrome de Saint-Cyr-L'ecole
9801,,56051750,Aérodrome D'enghien-moisselles
9801,,56051751,Aérodrome de Vélizy-villacoublay
9802,,56051909,Aérodrome Chartres-champhol
9804,,12512845,Arnage Airport
9847,LOS,12515073,Lagos Murtala Muhammed Airport
9855,ENU,12515063,Enugu Airport
9857,COO,12510939,Cotonou Cadjehon Airport
9858,BNI,12515060,Benin Airport
9901,CBQ,12515061,Calabar Airport
9908,,12515062,Eket Airport
9912,DLA,12512348,Douala Airport
9913,TKC,12512353,Tiko Airport
9915,YAO,12512354,Yaounde Airport
9915,NSI,12523057,Nsimalen Airport
9919,IBA,12515065,Ibadan Airport
9938,,12517850,Lome Tokoin Airport
9954,ACC,12513022,Kotoka International Airport
9970,APL,12515027,Nampula Airport
9973,MDK,12511971,Mbandaka Airport
9996,GOM,12511956,Goma International Airport
10001,,12517316,Kigali Airport
10029,BJM,12511564,Bujumbura Airport
10030,ARK,24554855,Arusha Airport
10051,KGA,12511960,Kananga Airport
10054,,12511972,Mbuji Mayi Airport
10055,SZA,12510454,Soyo Airport
10056,,12518014,Dodoma Airport
10062,,12510439,Luanda 4 de Fevereiro Airport
10078,,12510437,Lobito Airport
10079,,12510436,Kuito Airport
10082,,12523015,Mufulira Airport
10089,,12523017,Ndola Airport
10110,,12523010,Lusaka City Airport
10119,,12523026,Harare International Airport
10120,OHI,12522988,Oshakati Airport
10125,,12523029,Hwange Town Airport
10128,,12523035,Mutare Airport
10129,TSB,12522992,Tsumeb Airport
10137,,12510835,Francistown Airport
10143,ERS,12522975,Eros Airport
10155,PTG,12517460,Polokwane International Airport
10155,,12517461,Pietersburg Municipal Airport
10160,PHW,12517419,Hendrik Van Eck Airport
10186,,12517472,Rustenburg Airport
10194,,12517499,Witbank Airport
10195,MPM,12515021,Maputo Airport
10197,,12517421,Hendrina Power Station Airport
10200,,12517437,Lichtenburg Airport
10201,,12517430,Kriel Airport
10203,,12517476,Secunda Airport
10209,,12517487,Tutuka Power Station Airport
10211,,12517494,Vryburg Airport
10217,NCS,12517453,Newcastle Airport
10219,,12517495,Vryheid Airport
10220,,12517414,Harmony Airport
10223,,12517404,Dundee Airport
10229,,12517394,B J Vorster Airport
10234,BFN,12517423,J B M Hertzog Airport
10237,,12514634,Mejametalana Airport
10239,PZB,12517459,Pietermaritzburg Airport
10251,,12517468,Queenstown Airport
10261,ELS,12517396,Ben Schoeman Airport
10264,OUH,12517454,Oudtshoorn Airport
10268,PLZ,12517413,H F Verwoerd Airport
10269,CPT,12517402,Cape Town International Airport
10269,XYS,12517501,Ysterplaat Airport
10280,,12514067,Jomo Kenyatta International Airport
10280,,12514077,Nairobi Eastleigh Airport
10280,WIL,12514078,Nairobi Wilson Airport
10281,BZV,12511945,Brazzaville Maya Maya Airport
10281,,12511964,Kinshasa N'dolo Airport
10283,,12517401,Carletonville Airport
10283,,12517412,Grand Central Airport
10283,,12517416,Heidelberg Airport
10283,JNB,12517424,OR Tambo International Airport
10283,QRA,12517469,Rand-Geriston Airport
10283,,12517483,Swartkop Airport
10283,WKF,12517496,Waterkloof Airport
10283,PRY,12517500,Wonderboom Airport
10283,HIC,12523365,Iscor Heliport
10283,HPR,12523366,Pretoria Central Heliport
10283,HCS,12523367,Randburg Heliport
10283,,56049769,Springs Airfield
10284,,12517490,Vanderbijlpark Airport
10285,,56049774,Klerksdorp Airport
10286,DUR,12517440,Louis Botha Airport
10286,VIR,12517493,Virginia Airport
10290,MRU,12514796,Plaisance International Airport
10294,RUN,12515488,Saint Denis Gillot Airport
10335,WVK,12514699,Manakara Sud Airport
10338,TLE,12514710,Toliara Airport
10352,LHE,12515245,Lahore Airport
10352,,12515275,Walton Airport
10353,,12515233,Faisalabad Airport
10355,,12513699,Ahvaz Airport
10362,,12515277,Zhob Airport
10385,,12513772,Zabol Airport
10399,,12513628,Sahnewal Airport
10411,,12513566,Chandigarh Airport
10416,,12515255,Okara Airport
10426,,12513896,Basrah Maqal Airport
10426,,12513927,Shaibah Airport
10429,MRX,12513705,Bandar Mashur Airport
10434,,12515244,Kot Addu Airport
10451,,12513534,Ambala Airport
10460,MUX,12515251,Multan Airport
10511,SYZ,12513764,Shiraz International Airport
10526,ZAH,12513773,Zahedan International Airport
10530,,12513673,Sirsa Airport
10542,,23388328,Kuwait International Airport
10557,,12513596,Hissar Airport
10573,BUZ,12513710,Bushehr Airport
10589,,12513552,Bhiwani Airport
10617,,12513544,Bareilly Airport
10624,,12513770,Vasht Airport
10645,NAL,12513638,Bikaner Airport
10667,SKZ,12515270,Sukkur Airport
10692,BND,12513703,Bandar Abbass International Airport
10693,AGR,12513528,Agra Airport
10700,,12517345,King Abdul Aziz Naval Base Airport
10718,DHA,12517333,Dhahran International Airport
10719,,12517366,Ras Tanura Airport
10736,,12513617,Kanpur Airport
10736,,12513618,Kanpur Chakeri Airport
10749,,12513611,Jodhpur Airport
10753,GWL,12513589,Gwalior Airport
10755,,29230259,Rae Bareli Airport
10789,,12513732,Jask Airport
10810,,12515487,Doha International Airport
10815,,12513623,Kota Airport
10822,,12517735,Fujairah Airport
10829,,12515268,Sharea Faisal Airport
10838,,12513672,Sirohi Airport
10854,UDR,12513688,Udaipur Airport
10860,,12517353,Madinah International Airport
10866,AZI,12517732,Bateen Airport
10907,,12513558,Birlagram Airport
10916,BHO,12513540,Bairagarh Airport
10919,BHJ,12513554,Bhuj Airport
10925,,12513616,Kandla Airport
10927,AMD,12513529,Sardar Vallabhbhai Patel International Airport
10942,IDR,12513600,Devi Ahilyabai Holkar International Airport
10959,BDQ,12513692,Vadodara Airport
10961,RAJ,12513661,Rajkot Airport
10963,RRK,12513664,Rourkela Airport
10985,,12513549,Bhavnagar Airport
10992,PBD,12513653,Porbandar Airport
11003,TIF,12517372,Taif Airport
11011,,12513621,Keshod Airport
11036,,12513580,Dhulia Airport
11048,,12513574,Daman Airport
11061,ISK,12513640,Gandhinagar Airport
11069,,12513537,Aurangabad Airport
11076,PZU,12517603,Port Sudan International Airport
11090,,12513639,Nanded Airport
11120,AHB,12517317,Abha Airport
11162,GIZ,12517335,Gizan Airport
11218,,56064383,Bellary Airport
11228,,12513592,Harihar Airport
11231,CDP,12513571,Cuddapah Airport
11257,HAL,12513543,HAL Bangalore International Airport
11257,,29230268,Jakkuru Airport
11272,,29230265,Mysore Airport
11280,,12512608,Djibouti Ambouli Airport
11285,CJB,12513569,Peelamedu Airport
11309,DIR,12512756,Aba Tenna Dejazmatch Yilma Airport
11313,,12512757,Addis Ababa Liddetta Airport
11313,ADD,12512758,Bole International Airport
11329,,12511935,Anuradhapura Airport
11346,MGQ,12517532,Mogadishu Airport
11351,,12513594,Hindon Airport
11351,DEL,12513599,Indira Gandhi International Airport
11351,,12513666,Safdarjung Airport
11354,PAT,12513651,Lok Nayak Jaiprakash Airport
11361,STV,12513677,Surat Airport
11364,,12513695,Vishakapatnam Airport
11366,,12513590,Hakimpet Airport
11366,,12513597,Begumpet Airport
11376,,12515239,Jacobabad Airport
11378,,12513603,Sanganer Airport
11383,,12517367,Riyadh Mil Airport
11390,BOM,12513559,Chhatrapati Shivaji International Airport
11390,,29230258,Juhu Airport
11391,PNQ,12513655,Pune Airport
11394,MAA,12513629,Chennai International Airport
11400,TUU,12517371,Tabuk Airport
11407,,12512692,Hurghada Airport
11417,UVL,12512700,New Valley Airport
11418,,12512680,Daraw Airport
11420,ABS,12512656,Abu Simbel Airport
11427,KRT,12517601,Khartoum Airport
11440,EBD,12517598,El Obeid Airport
11468,,12512682,Dukhaylah Airport
11468,ALY,23388264,An-Nuzhah Airport
11503,,12512658,Al Ismailiyah Airport
11508,,12512671,Bilbays Airport
11520,,12512655,Abu Rudeis Airport
11522,PSD,12512701,Port Said Airport
11526,,12512677,Cairo Almaza Airport
11526,CAI,12512678,Cairo International Airport
11526,,12512687,Embaba Airport
11526,,12512691,Hulwan Airport
11531,,12514066,Isiolo Airport
11540,EDL,12514065,Eldoret Airport
11548,,12514068,Kisumu Airport
11553,,12515743,Astrakhan Airport
11553,ASF,12515745,Astrakhan Southeast Airport
11560,,12516183,Kizlyar Airport
11567,,12516385,Makhachkala Airport
11567,MCX,12516386,Makhachkala-Uytash Airport
11572,,12515933,Derbent Airport
11574,,12510375,Khachmas Airport
11581,,12510377,Kirovabad North Airport
11587,,12510380,Kyurdamir Civil Airport
11593,,12510373,Karachala Airport
11595,,12510398,Salyany Airport
11595,,12510399,Salyany Southwest Airport
11627,RZR,12513751,Ramsar Airport
11639,,12513748,Noshahr Airport
11675,,12510361,Baku-Bina Airport
11675,,12510364,Baku-Zabrat Airport
11676,TBZ,12513767,Tabriz Airport
11679,RAS,12513752,Rasht Airport
11680,,12513718,Doshan Tappeh Airport
11680,,12513723,Ghale Morghi Airport
11680,,12513724,Ghazvin Airport
11680,,12513734,Karaj Airport
11680,THR,12513746,Mehrabad International Airport
11680,,12513768,Tehran West Airport
11687,DRW,12510651,Darwin International Airport
11690,CNS,12510623,Cairns International Airport
11693,BME,12510620,Broome International Airport
11695,TSV,12510800,Townsville Airport
11698,ISA,12510745,Mount Isa Airport
11704,GEA,12523111,Magenta Airport
11706,ROK,12510773,Rockhampton Airport
11711,GLT,12510675,Gladstone Airport
11715,BDB,12510621,Bundaberg Airport
11718,,12510730,Maryborough Airport
11719,,12510729,Maroochydore Aerodrome
11719,,28677687,Caloundra Aerodrome
11724,,12510617,Brisbane Archerfield Airport
11724,BNE,23388207,Brisbane International Airport
11725,TWB,12510799,Toowoomba Airport
11727,,12510639,Coolangatta Airport
11727,SFP,12523218,Surfers Paradise Airport
11730,,28677692,Redcliffe Aerodrome
11735,CFS,12510636,Coffs Harbour Airport
11737,,12510703,Kalgoorlie Bolder Airport
11762,GOS,12523114,Gosford Airport
11767,GFF,12510681,Griffith Airport
11771,ADL,1107231,Adelaide International Airport
11771,,12510581,Parafield Airport
11782,,12510605,Bendigo Airport
11784,AKL,12515151,Auckland International Airport
11784,MHB,12523172,Auckland Mechanics Bay Seaplane Base
11801,GIS,12515154,Gisborne Airport
11806,PMR,12515164,Palmerston North Airport
11813,NSN,12515160,Nelson Airport
11814,WLG,12515175,Wellington International Airport
11817,CHC,12515152,Christchurch International Airport
11817,ZWG,12515180,Wigram Aerodrome
11824,,12510624,Camden Airport
11824,,12510694,Hoxton Park Airport
11824,,12510777,Schofields Airport
11824,,12510787,Sydney Bankstown Airport
11824,RSE,12523330,Au-Rose Bay Airport
11824,SWZ,12523448,Sydney West Airport
11824,ZDN,23388205,Kingsford Smith Airport
11825,,12510714,RAAF Base Williams
11825,,12523284,Melbourne City Heliport
11825,,23388201,Moorabbin Airport
11825,MEL,23388202,Melbourne International Airport
11825,,23388203,Essendon Airport
11829,JAD,12510760,Perth Jandakot Airport
11829,PER,12510761,Perth International Airport
11829,,12523140,Fremantle Heliport
11830,CBR,12510625,Canberra International Airport
11831,ABX,12510583,Albury Airport
11841,,12512272,Yichun Airport
11859,,12512086,Jiamusi East Airport
11866,,12512274,Yilan Airport
11876,,12512140,Ma Chia Kou Airport
11876,,12512157,Ping Fang Tien Airport
11876,,12512193,Shuang Yu Shu Airport
11876,,12512225,Wang Kang Airport
