derived_from,aerotropolis_woe_id,airports,urbanarea_ne_gid,aerotropolis_name
woe,35524231,SUM,3922,SUM
woe,35524235,MYR,3923,MYR
woe,35524237,PEG,9074,PEG
woe,35524239,AHN,3921,AHN
ne,35523291,"JAD,PER",11829,PER
ne,35523293,BHM,3927,BHM
woe,35524241,SPU,9070,SPU
woe,35524243,PSR,9077,PSR
ne,35523295,MEL,11825,MEL
ne,35523299,"RSE,SWZ,SYD,ZDN",11824,SYD
woe,35524847,SIA,1761,SIA
ne,35523301,MRU,10290,MRU
woe,35524247,GIF,4026,GIF
woe,35524249,EDL,11540,EDL
woe,35525379,OZZ,3604,OZZ
ne,35523303,"CLW,PIE,SPG,TPA",4023,TPA
ne,35523305,MHT,4789,MHT
ne,35523307,BTV,4788,BTV
woe,35524253,YRO,4787,YRO
woe,35524851,PBL,3711,PBL
ne,35523309,SYZ,10511,SYZ
ne,35523289,YUL,4783,YUL
woe,35524257,YHU,4782,YHU
woe,35524259,VRB,4029,VRB
ne,35523311,KBP,7306,KBP
woe,35524853,CUM,3713,CUM
ne,35523313,"GVA,QNJ",8091,GVA-QNJ
ne,35523317,JMU,11859,JMU
ne,35523319,ARN,7514,ARN
woe,35524261,HKY,3850,HKY
woe,35524245,RUN,10294,RUN
woe,35524265,HRT,3997,HRT
woe,35524267,"NDP,PNS",3996,NDP-PNS
woe,35525091,BLA,3723,BLA
woe,35524271,PGV,3858,PGV
woe,35524273,CBB,964,CBB
ne,35523727,"MUC,MUCf",9471,MUC-MUCf
woe,35525413,DSN,1202,DSN
ne,35523323,"CGK,HLP",2916,CGK
ne,35523325,"QPG,SIN,XSP",2917,SIN
ne,35523327,IXW,2853,IXW
woe,35525303,BPS,4968,BPS
ne,35523329,"CAS,CMN",3689,CAS-CMN
woe,35524857,ERD,9477,ERD
woe,35524277,PIU,5461,PIU
ne,35523331,YYT,3331,YYT
ne,35523335,SGC,6355,SGC
woe,35524385,SMD,4814,SMD
woe,35524279,CIX,5464,CIX
woe,35524281,PCL,5469,PCL
woe,35525099,APQ,4934,APQ
woe,35524455,ABZ,3202,ABZ
woe,35524285,JHE,6723,JHE
ne,35523337,"CMH,OSU",4730,CMH
ne,35523339,MPM,10195,MPM
woe,35524291,RRK,10963,RRK
ne,35523341,RAJ,10961,RAJ
woe,35524293,MMY,2319,MMY
woe,35525405,LGV,4366,LGV
woe,35524295,VVK,6655,VVK
ne,35523343,"HFY,IND,UMP",4739,IND
woe,35524297,GSE,6653,GSE
woe,35525103,SVQ,3681,SVQ
woe,35524301,AZN,290,AZN
woe,35525185,THN,6636,THN
woe,35525105,ATY,4832,ATY
woe,35524303,SOM,3776,SOM
woe,35524307,RJK,8235,RJK
ne,35523345,"BOG,LAT",3774,BOG
woe,35524309,BIQ,4320,BIQ
woe,35524311,HTW,3779,HTW
ne,35523347,"ALA,BXJ",196,ALA-BXJ
woe,35524313,SDR,4326,SDR
woe,35524315,SBN,4655,SBN
woe,35524317,PVR,3141,PVR
woe,35524319,EKI,4656,EKI
woe,35524321,ZMM,3144,ZMM
ne,35523349,ABJ,3673,ABJ
ne,35523353,RTW,6388,RTW
woe,35524329,CCR,2543,CCR
ne,35523355,"HWD,JCE,NGZ,NUQ,OAK,PAO,SFO,SJC,SQL",2541,OAK-SFO-SJC
woe,35524255,YCV,4784,YCV
woe,35524333,JSG,2545,JSG
woe,35524335,LAM,3026,LAM
ne,35523357,DRW,11687,DRW
woe,35524337,SCK,2548,SCK
ne,35523359,THR,11680,THR
woe,35524343,VIS,3020,VIS
ne,35523361,LIL,7889,LIL
woe,35524345,EBD,11440,EBD
woe,35524347,GOS,11762,GOS
ne,35523363,"CGN,DUS,LGG,MGL",7880,CGN-DUS
ne,35523365,"BQH,HEN,LHR,RCS,XET",7882,LHR
woe,35524349,OKA,2266,OKA
woe,35524351,EIN,7884,EIN
ne,35523367,"ANR,BRU",7886,ANR-BRU
woe,35524875,IMP,4909,IMP
woe,35524353,LFT,4217,LFT
woe,35524355,CWF,4216,CWF
woe,35524357,CXO,4211,CXO
ne,35523371,VTE,2447,VTE
woe,35524361,BVE,9258,BVE
woe,35524363,PLU,5004,PLU
woe,35525143,CPG,5388,CPG
woe,35524365,CDF,8049,CDF
woe,35524367,TLE,10338,TLE
woe,35524369,HLR,4193,HLR
ne,35523373,LOS,9847,LOS
woe,35524371,RNS,7862,RNS
woe,35524373,TRS,8129,TRS
ne,35523375,ESB,8695,ESB
woe,35525321,WRB,3954,WRB
woe,35524375,PME,7905,PME
ne,35523377,NCL,7868,NCL
ne,35523379,"BDL,BDR,BNH,CEF,EHT,HFD,HVN",4813,BDL
ne,35523381,"BBF,BED,BOS,BVY,JBC,PVD",4812,BOS-PVD
ne,35523383,"CHI,GYY,JOT,LOT,MDW,ORD,PWK,UGN",4810,GYY-MDW-ORD
woe,35524383,HPN,4816,HPN
ne,35523385,"ARX,BLM,CDW,EWR,TEB",4815,EWR
ne,35523389,LTN,7701,LTN
ne,35523391,"CVG,HAO",4819,CVG
ne,35523393,"AYZ,BPA,DPK,ISP,JFK,LGA",4818,JFK-LGA
woe,35524387,JCJ,1845,JCJ
woe,35524389,SFA,8939,SFA
woe,35524391,ARS,4959,ARS
woe,35524393,KSC,9416,KSC
ne,35523743,"MAO,PLL",4900,MAO
woe,35524397,SFF,1539,SFF
ne,35523397,CGB,4955,CGB
ne,35523399,DVO,2616,DVO
woe,35524403,ERS,10143,ERS
ne,35523401,ZAM,2614,ZAM
woe,35524407,BWG,3808,BWG
ne,35524009,IXC,10411,IXC
woe,35524613,HQU,3935,HQU
ne,35523407,ZRH,9738,ZRH
woe,35524415,ROA,3800,ROA
woe,35524417,PLK,4101,PLK
woe,35524681,YWF,4541,YWF
ne,35523409,MGQ,11346,MGQ
woe,35524419,CRA,8348,CRA
woe,35524421,SWO,4105,SWO
woe,35524423,ASG,4104,ASG
ne,35523411,BJM,10029,BJM
woe,35524427,JBR,4109,JBR
woe,35524429,BAE,8341,BAE
woe,35524433,QDV,5134,QDV
ne,35523413,HGH,2731,HGH
woe,35525247,BAV,1151,BAV
woe,35524915,NKT,3885,NKT
woe,35524689,BSH,7785,BSH
ne,35523415,"BGW,SDA",851,SDA
woe,35524691,TBS,249,TBS
woe,35524439,PRM,3517,PRM
ne,35523417,LFW,9938,LFW
woe,35524441,SWA,2685,SWA
woe,35524923,THK,2463,THK
ne,35523419,BRE,7556,BRE
ne,35523421,HAM,7555,HAM
ne,35523425,"CAN,SZX",2683,CAN-SZX
woe,35525339,GAE,8956,GAE
woe,35524443,GWT,6806,GWT
ne,35523427,HIW,2738,HIW
woe,35524263,VPS,3998,VPS
woe,35525125,GSB,3866,GSB
woe,35524445,ANP,4774,ANP
woe,35524907,"BZR,MPL",8,BZR-MPL
ne,35523429,NYO,6618,NYO
woe,35524447,PSL,3207,PSL
woe,35524451,PTO,5183,PTO
woe,35524453,CXJ,5229,CXJ
woe,35524283,MLB,4078,MLB
ne,35523431,CLT,4075,CLT
ne,35523433,"NGU,ORF",4074,ORF
ne,35523435,"DWS,MCO,ORL",4077,MCO
ne,35523437,"CRG,JAX,NIP",4076,JAX
ne,35523439,TGU,4070,TGU
woe,35524457,VEJ,6755,VEJ
ne,35523443,"SAV,SVN",3967,SAV
woe,35524459,MXF,3964,MXF
woe,35524461,MEI,3965,MEI
woe,35524463,TRF,7519,TRF
woe,35524951,PIV,4974,PIV
ne,35523445,TUN,8836,TUN
ne,35524105,GUA,4297,GUA
woe,35524469,CKF,3969,CKF
woe,35524471,PEN,2860,PEN
woe,35524473,BWH,2861,BWH
woe,35524475,BOY,3638,BOY
woe,35524477,JEF,4889,JEF
ne,35523449,OUA,3634,OUA
woe,35524479,ZIG,3633,ZIG
woe,35524481,LAN,4619,LAN
ne,35523451,"DVT,GEU,LUF,PHX",3062,PHX
woe,35524275,MYJ,1798,MYJ
woe,35524483,CBG,7676,CBG
woe,35524487,AYH,7674,AYH
woe,35524489,ASH,4615,ASH
ne,35523471,"ALB,SCH,ZLY",4614,ALB
ne,35523455,SGN,2594,SGN
ne,35523457,HRG,11407,HRG
ne,35523461,YZF,1051,YZF
ne,35523463,BEL,5354,BEL
woe,35524495,CAW,5063,CAW
ne,35523465,BVB,5350,BVB
ne,35523467,MDG,1059,MDG
ne,35523469,YQT,3340,YQT
woe,35524505,UBT,5149,UBT
woe,35524507,DLH,3347,DLH
ne,35523453,DRS,7178,DRS
woe,35524509,CGO,1696,CGO
woe,35524837,UVL,11417,UVL
woe,35525137,SSX,8568,SSX
ne,35523473,CGO,1753,CGO
woe,35524491,LOH,5458,LOH
ne,35523769,MNL,2706,MNL
woe,35524493,JGN,1198,JGN
woe,35524515,QPA,9111,QPA
ne,35523771,UTP,2701,UTP
ne,35523481,TRN,9113,TRN
woe,35524519,OHT,616,OHT
woe,35524523,BLQ,9117,BLQ
ne,35523483,BRO,4256,BRO
ne,35523485,LIM,5537,LIM
woe,35524749,LUG,9044,LUG
ne,35523487,BAQ,3702,BAQ
woe,35524525,NVA,5539,NVA
ne,35523489,SCL,5538,SCL
woe,35524527,AHZ,8246,AHZ
ne,35523491,CCS,3707,CCS
ne,35523493,TRC,3118,TRC
woe,35524531,CPV,4917,CPV
ne,35523497,JPA,4914,JPA
woe,35524497,TUU,11400,TUU
ne,35523685,CTU,2087,CTU
ne,35523501,NAT,4910,NAT
woe,35524541,QIG,4911,QIG
woe,35524543,GLT,11711,GLT
woe,35524545,BDB,11715,BDB
woe,35524499,BJI,3343,BJI
woe,35524549,MTJ,2533,MTJ
woe,35524501,SNC,5452,SNC
ne,35523503,SKG,8640,SKG
ne,35523505,LAD,10062,LAD
ne,35523507,"BJS,PEK",2713,PEK
ne,35523509,PUS,2659,PUS
woe,35524553,PNG,5177,PNG
woe,35524555,AGT,5176,AGT
woe,35524559,WJU,2718,WJU
ne,35523511,TAE,2650,TAE
woe,35524563,CCF,9209,CCF
woe,35524565,CUE,5455,CUE
ne,35523515,DIR,11309,DIR
woe,35524569,AER,7955,AER
woe,35524571,EBU,9168,EBU
woe,35524573,UCK,7229,UCK
ne,35523517,JED,495,JED
ne,35523519,"BCS,MSY,NBG,NEW",4226,MSY
ne,35523521,BND,10692,BND
ne,35523523,TIP,8988,TIP
ne,35523525,DXB,493,DXB
ne,35523527,BMA,6573,BMA
woe,35524583,UCT,5585,UCT
ne,35523529,"CPH,ZGH",7599,CPH
ne,35523955,SLE,3185,SLE
woe,35524587,VGO,4383,VGO
woe,35524589,AAL,7596,AAL
ne,35523535,RIC,3796,RIC
ne,35523537,LED,7593,LED
woe,35525145,CYS,2035,CYS
woe,35524641,GRV,820,GRV
woe,35524591,OWB,3792,OWB
woe,35525355,MKZ,2921,MKZ
woe,35524595,SKZ,10667,SKZ
woe,35524597,POJ,4985,POJ
woe,35524599,QAR,7691,QAR
ne,35523539,JDH,10749,JDH
ne,35523541,OMA,4862,OMA
woe,35524601,GVR,4988,GVR
woe,35524603,MLI,4860,MLI
ne,35523543,BIL,2010,BIL
ne,35523545,GSO,3835,GSO
woe,35524607,INT,3832,INT
woe,35524609,GCY,3833,GCY
ne,35523547,"DUR,VIR",10286,DUR
ne,35523551,"HCS,HIC,HPR,JNB,PRY,QRA,WKF",10283,JNB
ne,35523553,"NBO,WIL",10280,NBO
woe,35524615,DNL,3932,DNL
ne,35523555,SXB,9708,SXB
woe,35524617,SRQ,4030,SRQ
woe,35524619,SUA,4033,SUA
woe,35524621,VNC,4035,VNC
ne,35523557,KIV,9660,KIV
ne,35523559,FPO,4039,FPO
woe,35524623,RNB,6715,RNB
ne,35523561,"FRA,MHG,QKA,WIE,ZRB",9704,FRA
ne,35523563,STR,9705,STR
ne,35523565,LUN,10110,LUN
woe,35524465,AAE,8830,AAE
woe,35525155,PSM,4599,PSM
ne,35523569,JAI,11378,JAI
woe,35524627,CBQ,9901,CBQ
woe,35524631,UOX,4131,UOX
woe,35524633,RBA,3569,RBA
woe,35524635,SPS,4136,SPS
ne,35523571,RDU,3841,RDU
woe,35524637,NJC,6356,NJC
ne,35523573,"MAD,TOJ",4486,MAD
woe,35525157,SOU,7779,SOU
ne,35523575,TYS,3847,TYS
ne,35524119,SSA,5335,SSA
woe,35524639,NMA,827,NMA
ne,35523579,DAM,8975,DAM
ne,35523581,BDO,2900,BDO
ne,35523583,POM,2907,POM
ne,35523587,MIU,891,MIU
woe,35525229,RIG,5271,RIG
woe,35524643,KSQ,390,KSQ
woe,35524645,BFN,10234,BFN
woe,35524649,PZB,10239,PZB
woe,35525357,BZO,9038,BZO
ne,35523589,STI,4047,STI
woe,35524653,APF,4040,APF
woe,35524655,RHO,8878,RHO
ne,35523591,KMG,2301,KMG
ne,35523593,LPG,5317,LPG
woe,35524659,HEX,4049,HEX
ne,35523595,GIB,7,GIB
woe,35524517,MFE,4250,MFE
ne,35523597,JIB,11280,JIB
ne,35523599,CJB,11285,CJB
woe,35524661,HIN,1657,HIN
woe,35524761,BSL,9584,BSL
ne,35523601,TLL,6580,TLL
ne,35524127,SKB,4063,SKB
woe,35524663,REG,8754,REG
woe,35524667,AAO,3740,AAO
woe,35524381,AHB,11120,AHB
ne,35523607,"LAS,VGT",3152,LAS
woe,35524673,STS,3151,STS
woe,35524675,IFP,3157,IFP
woe,35524677,"MCC,MHR,SAC",3156,MCC-MHR-SAC
woe,35524679,"APA,BFK,BJC,WBU",3155,APA-BFK-BJC-WBU
ne,35523609,CCU,2837,CCU
ne,35523611,DAC,2836,DAC
woe,35524687,"FBK,PII",3159,FBK-PII
ne,35523613,"HNL,NIU",3158,HNL
woe,35524437,GRB,4545,GRB
woe,35524693,CQF,7780,CQF
woe,35524695,CVI,5405,CVI
woe,35524697,FOC,2276,FOC
ne,35523615,FOC,2271,FOC
woe,35524699,ISA,11698,ISA
ne,35523617,FAT,3012,FAT
woe,35524703,FMN,3013,FMN
ne,35523619,TSV,11695,TSV
woe,35524707,MRY,3016,MRY
ne,35523623,BME,11693,BME
ne,35523625,CNS,11690,CNS
woe,35524889,GON,4674,GON
woe,35525173,"ACY,AIY",4799,ACY-AIY
ne,35523627,TAM,4260,TAM
woe,35524711,RMI,9121,RMI
ne,35523629,PSA,9122,PSA
ne,35523631,"CEQ,JCA,XXT",9123,CEQ
ne,35523633,RGN,2458,RGN
ne,35523635,ORN,9241,ORN
woe,35525473,IOW,4858,IOW
woe,35524605,ERH,3599,ERH
woe,35524891,DXR,4673,DXR
woe,35525177,TAY,6631,TAY
woe,35524735,RCH,3696,RCH
woe,35524567,NRN,7126,NRN
woe,35524715,VSE,4439,VSE
woe,35524717,BZG,6923,BZG
ne,35523637,"HEL,HEM",6539,HEL-HEM
woe,35524685,TJA,973,TJA
woe,35524723,BGR,4539,BGR
woe,35524725,AUW,4829,AUW
woe,35524727,RRL,4826,RRL
ne,35523641,CCP,5543,CCP
woe,35524729,ATF,5540,ATF
woe,35524731,ITN,4949,ITN
woe,35524733,JEQ,4948,JEQ
ne,35523643,"ADW,BWI,BZS,CGS,DCA,IAD,MTN",4820,BWI-DCA-IAD
woe,35524739,CZE,3697,CZE
woe,35524741,ZTN,9401,ZTN
woe,35524743,RZR,11627,RZR
woe,35524745,OLB,8613,OLB
ne,35523645,PEE,6362,PEE
woe,35524747,CEE,6361,CEE
ne,35523647,ELP,3086,ELP
woe,35524751,TUS,3081,TUS
woe,35524753,DRM,8590,DRM
woe,35525435,SHE,1110,SHE
woe,35525011,BUV,5248,BUV
ne,35523649,PTG,10155,PTG
ne,35523651,ICN,2629,ICN
woe,35524759,CHA,3875,CHA
woe,35525361,PTP,4065,PTP
woe,35524721,BTU,2886,BTU
woe,35524763,MXR,7359,MXR
woe,35524765,GRO,9235,GRO
woe,35524767,SZR,8476,SZR
woe,35525147,"HIF,OGD",2034,HIF-OGD
ne,35523653,"LYN,LYS",9232,LYS
woe,35524769,CFE,9233,CFE
woe,35524771,PGF,11,PGF
ne,35523655,OUL,6406,OUL
woe,35525189,"MLN,NDR",3541,MLN-NDR
ne,35523659,WAW,7561,WAW
ne,35523661,BCN,19,BCN
woe,35524777,JLO,8184,JLO
ne,35523663,MHD,862,MHD
woe,35524779,TTJ,3441,TTJ
ne,35523665,URC,2756,URC
ne,35523533,SYR,4593,SYR
ne,35523669,LUX,7409,LUX
woe,35524781,IDA,2022,IDA
woe,35524783,RBG,2023,RBG
woe,35524325,MTW,4557,MTW
ne,35523859,DHA,10718,DHA
woe,35524963,UBA,5001,UBA
ne,35523673,ILM,3907,ILM
ne,35523677,NDJ,887,NDJ
woe,35524787,TOC,3902,TOC
ne,35523679,NKG,1973,NKG
ne,35523681,KAN,889,KAN
woe,35524789,TUP,3908,TUP
ne,35523683,VNO,6814,VNO
ne,35523499,LOV,3112,LOV
woe,35524793,PMF,9058,PMF
ne,35523687,CAI,11526,CAI
woe,35524537,GIZ,11162,GIZ
woe,35524795,PSD,11522,PSD
ne,35523689,VIE,9712,VIE
ne,35523691,VCE,9050,VCE
ne,35523697,NRK,6621,NRK
woe,35524561,MPK,2719,MPK
woe,35524973,GRZ,9659,GRZ
woe,35524801,CNT,5199,CNT
woe,35524803,BLK,3234,BLK
ne,35523699,NOV,10086,NOV
woe,35524805,PFN,4003,PFN
woe,35524807,CFC,5190,CFC
woe,35524811,NVT,5193,NVT
woe,35524327,EWB,4658,EWB
ne,35523701,HER,8923,HER
woe,35524815,NAB,3974,NAB
woe,35524819,GJL,8840,GJL
ne,35523703,ACC,9954,ACC
woe,35525325,GLO,3262,GLO
woe,35524975,MCX,11567,MCX
ne,35523705,LAK,8929,LAK
woe,35524821,OGZ,203,OGZ
woe,35524757,POB,3873,POB
woe,35524823,IPH,2875,IPH
woe,35524547,BDS,8649,BDS
woe,35525381,AGA,3608,AGA
woe,35525265,UBP,2492,UBP
woe,35524331,CRD,5417,CRD
ne,35523707,NGO,3351,NGO
woe,35524829,PSP,3059,PSP
woe,35524981,"NSI,YAO",9915,NSI-YAO
woe,35524831,OXR,3052,OXR
ne,35523709,SBA,3050,SBA
woe,35524411,RDS,5363,RDS
woe,35525203,TEE,8919,TEE
woe,35524835,BGD,3029,BGD
woe,35524529,BBT,949,BBT
woe,35524839,ISG,2339,ISG
woe,35524841,SRZ,1049,SRZ
woe,35524843,RDG,4718,RDG
ne,35523713,"SJO,SYQ",5445,SYQ
woe,35524551,XBJ,683,XBJ
woe,35525299,COH,2806,COH
ne,35523715,IDR,10942,IDR
ne,35523717,TUL,4303,TUL
woe,35524849,CBS,3716,CBS
ne,35523719,SAT,4307,SAT
ne,35523721,"AAP,CLC,EFD,HOU,IAH,IWS,JMA,SGR",4306,IAH
ne,35523723,"HKS,JAN",4305,JAN
ne,35523725,"ADS,DAL,DFW,DNE,FTW,GPM,RBD",4304,DAL-DFW-FTW
ne,35523321,"AZP,MEX",4308,MEX
woe,35524855,ZNI,9476,ZNI
ne,35523731,"BFH,CWB",5171,CWB
woe,35524339,CRO,3022,CRO
ne,35523733,BIO,4479,BIO
woe,35524861,AQG,2091,AQG
woe,35524865,EGO,7249,EGO
woe,35524867,CDP,11231,CDP
woe,35524869,OVL,5504,OVL
ne,35523735,KMS,3657,KMS
ne,35523737,BYK,3650,BYK
ne,35523739,CTA,8786,CTA
woe,35524871,LRH,4477,LRH
woe,35524873,VAR,8423,VAR
ne,35523741,IXJ,692,IXJ
woe,35524993,DIJ,9780,DIJ
woe,35524877,MWH,1544,MWH
woe,35524879,AFF,2526,AFF
woe,35524883,CSN,2521,CSN
woe,35524885,COE,1540,COE
woe,35524887,QBX,4901,QBX
ne,35523395,HRK,7615,HRK
ne,35523745,FOR,4902,FOR
ne,35523749,DAD,2482,DAD
woe,35524893,UMY,7611,UMY
ne,35523751,IEV,7612,IEV
woe,35524897,YKM,1549,YKM
woe,35524901,ASR,8711,ASR
woe,35524903,SDT,546,SDT
woe,35524905,GEA,11704,GEA
ne,35523753,CJJ,1464,CJJ
ne,35523755,ROK,11706,ROK
woe,35524909,ALY,11468,ALY
woe,35524911,XNN,1462,XNN
woe,35524913,POO,5065,POO
ne,35523757,AWZ,10355,AWZ
woe,35524919,MDM,9272,MDM
ne,35523759,"TLS,XYT",9273,TLS
ne,35523761,LHE,10352,LHE
ne,35523763,LYP,10353,LYP
woe,35524925,MGF,5146,MGF
ne,35523767,"BKK,DMK",2704,DMK
woe,35524927,SZA,10055,SZA
ne,35523475,MJM,10054,MJM
ne,35523479,"CGH,GRU,ZFU",5142,CGH-GRU
ne,35523773,KGA,10051,KGA
woe,35524987,REZ,5096,REZ
woe,35524929,TOY,3403,TOY
ne,35523775,TRD,6440,TRD
ne,35523777,COR,1015,COR
woe,35524775,GSP,3881,GSP
woe,35524931,AUR,9175,AUR
ne,35523779,GLS,4234,GLS
woe,35524933,HMJ,7441,HMJ
woe,35524937,MKC,4876,MKC
woe,35524939,SPI,4873,SPI
woe,35524941,HFA,8984,HFA
woe,35525121,WUH,2732,WUH
woe,35524943,CHV,4400,CHV
woe,35524945,GFF,11767,GFF
ne,35523781,ASB,415,ASB
ne,35523785,"BKA,SVO",6310,SVO
woe,35524947,UTC,7683,UTC
woe,35524949,CKG,2142,CKG
woe,35524671,HTF,7720,HTF
ne,35523787,GWL,10753,GWL
ne,35523789,GYN,4970,GYN
ne,35523791,KTM,2797,KTM
woe,35525195,"DAB,OMN",4010,DAB-OMN
woe,35524955,OKZ,3948,OKZ
ne,35523793,"BNA,JWN,MQY",3826,BNA
ne,35523795,MIR,9095,MIR
woe,35524957,GIS,11801,GIS
woe,35524959,TCL,3943,TCL
woe,35524961,SCD,3944,SCD
ne,35523797,PMR,11806,PMR
ne,35523799,ALG,9092,ALG
ne,35523803,CHS,3947,CHS
woe,35524965,ASF,11553,ASF
woe,35524967,AGH,6708,AGH
woe,35524969,TSB,10129,TSB
ne,35523805,SAH,11202,SAH
woe,35524577,CMF,9165,CMF
ne,35523807,"BBU,OTP",8324,BBU
woe,35525165,POZ,6990,POZ
woe,35524799,OHI,10120,OHI
ne,35523809,AGR,10693,AGR
ne,35523811,BTS,9714,BTS
ne,35523813,"PJC,PMG",5099,PMG
woe,35524977,TKC,9913,TKC
woe,35524979,DLA,9912,DLA
ne,35523815,"HND,NRT",3470,NRT
ne,35523817,EVN,834,EVN
woe,35524983,TCN,4285,TCN
ne,35523821,IBA,9919,IBA
woe,35525217,LPC,3045,LPC
ne,35523823,VTZ,11364,VTZ
woe,35524985,WVK,10335,WVK
ne,35523825,"CLD,NKX,NZY,SAN,SEE,TIJ",3479,SAN-TIJ
ne,35523827,"LIT,LRF,RBM",4125,LIT
woe,35524579,SZB,491,SZB
ne,35523829,"LIS,XXC",4497,LIS-XXC
ne,35523831,"BGZ,OPO",4496,OPO
ne,35523833,"FUK,HSG,KMJ",2665,FUK
woe,35524995,VIT,4490,VIT
woe,35524581,TZX,7958,TZX
ne,35523835,KHG,363,KHG
woe,35525395,DEF,723,DEF
woe,35524657,MDT,4721,MDT
woe,35525409,PAC,5447,PAC
woe,35524999,BWE,7022,BWE
ne,35523839,KWI,10542,KWI
ne,35523841,AQP,5487,AQP
ne,35523843,"BUT,LPL,MAN",3310,LPL-MAN
ne,35523845,DUB,3312,DUB
ne,35523847,RIX,6679,RIX
woe,35525003,PIO,5482,PIO
ne,35523849,BEN,9009,BEN
ne,35523851,CUZ,5480,CUZ
woe,35525005,"SPB,STT",4056,SPB-STT
ne,35523853,"SIG,SJU",4055,SJU
woe,35525009,DSK,780,DSK
woe,35524585,"JRB,TSS",22,JRB-TSS
ne,35523857,ROV,9390,ROV
ne,35523671,LGW,7768,LGW
woe,35525015,ALQ,5241,ALQ
ne,35523861,KWJ,1648,KWJ
woe,35525017,"MSB,SFG",4059,MSB-SFG
woe,35525019,LYA,1721,LYA
woe,35525093,PAV,4930,PAV
ne,35523863,DAR,9966,DAR
ne,35523865,MED,10860,MED
woe,35525023,AZI,10866,AZI
woe,35525027,BJV,8819,BJV
woe,35525029,CBL,3758,CBL
ne,35523867,NDB,3614,NDB
ne,35523869,NKC,3615,NKC
ne,35523871,DKR,3619,DKR
woe,35525031,CLZ,3754,CLZ
woe,35525033,"CGU,PZO,SFX",3757,CGU-PZO-SFX
woe,35525035,BNS,3756,BNS
woe,35525037,ORH,4632,ORH
woe,35525039,SRU,3006,SRU
ne,35523875,"IKT,UIIR",64,IKT-UIIR
woe,35525045,AZO,4636,AZO
woe,35525047,SGU,3003,SGU
woe,35525049,"EDF,MRI",3167,EDF-MRI
ne,35523877,YXY,3162,YXY
ne,35523879,TAS,257,TAS
ne,35523881,ANC,3161,ANC
woe,35525053,WNZ,2200,WNZ
woe,35525055,CBU,7097,CBU
woe,35525001,JUL,5484,JUL
ne,35523883,MDQ,5434,MDQ
woe,35525057,MJR,5438,MJR
woe,35525407,SBZ,9109,SBZ
ne,35523885,BHO,10916,BHO
woe,35525059,HAD,6689,HAD
ne,35523887,BDQ,10959,BDQ
woe,35525065,ABS,11420,ABS
ne,35523889,MDZ,1030,MDZ
ne,35523893,KRT,11427,KRT
woe,35525067,BHJ,10919,BHJ
woe,35525069,PSW,5029,PSW
woe,35524379,TIF,11003,TIF
woe,35525073,HHQ,2584,HHQ
ne,35523895,SAW,9137,SAW
ne,35523897,NAP,9135,NAP
ne,35523899,TLC,4274,TLC
ne,35524173,BEY,9102,BEY
ne,35523903,IST,9138,IST
woe,35525081,BLX,8108,BLX
ne,35523905,UIO,5554,UIO
ne,35523907,MEC,5557,MEC
ne,35523911,SIP,8268,SIP
woe,35525085,HZG,1869,HZG
woe,35525087,VCR,3725,VCR
ne,35523913,BRM,3727,BRM
woe,35525089,PVO,5558,PVO
ne,35523915,VLN,3722,VLN
woe,35524533,SWF,4667,SWF
ne,35523917,IXU,11069,IXU
woe,35525095,JMN,4838,JMN
ne,35523919,SRE,966,SRE
ne,35523921,MCZ,4933,MCZ
ne,35523923,SRG,2899,SRG
woe,35525101,RBR,961,RBR
ne,35523925,LPB,963,LPB
ne,35523929,ISK,11061,ISK
woe,35524299,EAU,4833,EAU
ne,35523931,CTM,4050,CTM
woe,35525107,STE,4835,STE
woe,35525109,CFS,11735,CFS
woe,35525111,PZY,9438,PZY
ne,35523933,RNO,2514,RNO
ne,35523935,YXD,1512,YXD
woe,35525113,FMY,4080,FMY
woe,35525235,PAE,3489,PAE
ne,35523937,"BCT,FLL,FXE,HWO,LNA,MIA,OPF,PBI,PMP,TMB",4082,FLL-MIA-PBI
woe,35525119,TAK,2737,TAK
ne,35523939,"TPE,TSA",2730,TPE
ne,35523941,ALL,8364,ALL
woe,35524435,"SDU,SNZ",5113,SDU-SNZ
ne,35523943,ZAH,10526,ZAH
ne,35523947,"GMP,SSN",2631,GMP
ne,35523949,CFB,5118,CFB
woe,35525127,PHW,10160,PHW
woe,35525129,"AGP,UTL",3531,AGP-UTL
ne,35523951,"AVN,CTT,MRS,TLN",9229,MRS
woe,35525131,TTU,3538,TTU
woe,35524535,HYA,4661,HYA
woe,35524511,DEB,9592,DEB
ne,35523953,NIM,879,NIM
woe,35525139,AEH,876,AEH
woe,35525141,IZO,3437,IZO
woe,35525447,"IAB,ICT",4093,IAB-ICT
ne,35523667,"CYI,KHH,PIF,RMQ,TNN,TXG",2740,KHH-RMQ-TNN
ne,35523957,"BUF,IAG",4590,BUF
ne,35523959,XMN,2742,XMN
woe,35525149,FNT,4597,FNT
woe,35525153,MFR,2030,MFR
woe,35524797,BUZ,10573,BUZ
ne,35523961,"BTF,SLC",2039,SLC
ne,35523965,"ATL,JAE,JAJ,JAO,MGE,PDK,RYY",3917,ATL
ne,35523967,"CAE,CUB",3916,CAE
woe,35525161,OUH,10264,OUH
woe,35525163,GRD,3912,GRD
ne,35523969,PLZ,10268,PLZ
ne,35523971,"CPT,XYS",10269,CPT
ne,35523973,CKY,3688,CKY
woe,35524709,"VIC,VRN",9049,VIC-VRN
ne,35523975,ZAG,9048,ZAG
woe,35525171,RES,5205,RES
ne,35523977,CBR,11830,CBR
ne,35523979,MUX,10460,MUX
woe,35525175,CNQ,5206,CNQ
ne,35523983,"BBX,DYL,ILG,PHL,PNE,TTN,VAY",4794,PHL
woe,35525123,THA,3867,THA
woe,35525135,ABX,11831,ABX
woe,35525181,RAC,4790,RAC
ne,35523985,"AKC,BKL,CGF,CLE,LNN",4791,CLE
woe,35525183,SCR,4792,SCR
ne,35523987,"AGC,PIT",4793,PIT
ne,35523989,KRK,7335,KRK
ne,35523991,MAA,11394,MAA
woe,35524991,STV,11361,STV
ne,35523993,PNQ,11391,PNQ
ne,35523995,BOM,11390,BOM
woe,35525193,HAL,11257,HAL
ne,35523997,"BAD,DTN,SHV",4159,SHV
ne,35524001,PIK,3221,PIK
woe,35525197,BHK,353,BHK
woe,35525199,BFM,3989,BFM
woe,35525201,CHQ,8915,CHQ
woe,35524399,SZG,9556,SZG
woe,35524859,SST,5419,SST
woe,35525431,PNZ,4929,PNZ
woe,35525207,BQK,3983,BQK
ne,35524003,OKD,2967,OKD
woe,35525209,AQA,5064,AQA
woe,35524401,UHE,9730,UHE
woe,35525211,UBJ,1780,UBJ
woe,35525433,YWA,4516,YWA
ne,35524005,HRE,10119,HRE
ne,35524007,"AKL,MHB",11784,AKL
woe,35525213,NCS,10217,NCS
woe,35524405,AGB,9732,AGB
woe,35525191,GOA,8333,GOA
woe,35525215,SMX,3041,SMX
woe,35524813,GNV,4007,GNV
woe,35524921,SOD,5148,SOD
woe,35525219,PMD,3044,PMD
woe,35525221,AYP,5478,AYP
woe,35525225,KBR,2612,KBR
woe,35525227,TKS,1777,TKS
ne,35523403,BUD,9737,BUD
woe,35525263,GUT,7606,GUT
woe,35525231,ZCO,5370,ZCO
woe,35525233,ABE,4708,ABE
ne,35524011,DOH,10810,DOH
ne,35524013,KTU,10815,KTU
woe,35524409,"FAF,LFI,PHF",3804,FAF-LFI-PHF
woe,35525117,CUC,3760,CUC
woe,35525237,SFD,3761,SFD
woe,35525239,SCI,3762,SCI
woe,35525243,CXA,3763,CXA
woe,35525441,BTZ,8675,BTZ
ne,35524015,"AJO,BUR,CCB,CCD,CNO,CPM,CVR,EMT,JCX,JID,JIO,JLB,JOC,JRD,JWC,LAX,LGB,ONT,RAL,RIR,SBD,SBT,SFR,SLI,SMO,SNA,VNY,WHP",3481,LAX-ONT-SNA
woe,35525245,EAS,4334,EAS
ne,35524019,ITM,3485,ITM
ne,35524021,KIX,3484,KIX
ne,35524023,NKM,3486,NKM
woe,35525249,YOO,4563,YOO
woe,35525257,PSC,1552,PSC
woe,35525253,PWM,4567,PWM
woe,35525255,JMY,3646,JMY
ne,35524025,OMS,6010,OMS
woe,35525251,MOD,2553,MOD
ne,35524027,GYD,11675,GYD
ne,35523695,TBZ,11676,TBZ
woe,35525261,LSN,3004,LSN
ne,35524031,CRK,2490,CRK
ne,35524033,VOG,6390,VOG
ne,35524037,"SXF,THF,TXL",7604,TXL
woe,35525267,NCP,2497,NCP
woe,35525269,BFL,3033,BFL
woe,35524513,RSA,5356,RSA
woe,35525271,CSX,2193,CSX
ne,35524039,"BHX,QQY",7898,BHX
ne,35524041,ABQ,3035,ABQ
ne,35524043,ADL,11771,ADL
woe,35525041,JXN,4637,JXN
woe,35525279,HDM,539,HDM
ne,35524045,CRL,7891,CRL
woe,35525285,UMU,5154,UMU
ne,35524195,DOK,9353,DOK
ne,35524049,BOD,9260,BOD
ne,35524051,VIX,5014,VIX
ne,35524055,KNU,10736,KNU
ne,35524057,CGR,5019,CGR
ne,35524059,"ANE,JDT,MSP",4891,MSP
woe,35524425,PGR,4106,PGR
ne,35524061,SLZ,4897,SLZ
ne,35524063,TUC,987,TUC
woe,35525287,"BIX,GPT",4209,BIX-GPT
woe,35525289,MCE,2996,MCE
ne,35524065,"AMS,RTM",7872,AMS-RTM
ne,35524067,COO,9857,COO
ne,35524069,BNI,9858,BNI
ne,35524073,BTR,4203,BTR
woe,35524625,AJA,8520,AJA
woe,35525293,NCY,8132,NCY
ne,35524075,GOM,9996,GOM
ne,35524077,CGP,2784,CGP
ne,35524079,"YYZ,YZD",4802,YYZ
ne,35524081,"MKE,UES,ZML",4804,MKE
ne,35524083,"ARB,DEO,DET,DTW,MTC,PTK,YIP",4806,DET-DTW
woe,35525051,WVI,3009,WVI
woe,35525373,APL,9970,APL
ne,35524085,YYC,1526,YYC
woe,35525301,BXH,6309,BXH
ne,35524087,YKA,1522,YKA
ne,35524091,YQR,1523,YQR
woe,35525305,APS,4964,APS
woe,35525307,MYP,424,MYP
woe,35524785,BHD,3226,BHD
woe,35525309,OSS,308,OSS
woe,35525311,SGZ,2600,SGZ
woe,35525315,JKH,9088,JKH
woe,35525317,AUO,3953,AUO
woe,35525273,TTT,2391,TTT
woe,35525319,"CSG,MKF",3956,CSG-MKF
ne,35524093,"CIA,FCO",9080,FCO
woe,35525275,"DCS,DSA,LBA,XNM",7896,DCS-DSA-LBA-XNM
woe,35525323,FSM,4114,FSM
woe,35524817,MRX,10429,MRX
woe,35525327,"PWA,TIK",4113,PWA-TIK
ne,35524095,SOF,8451,SOF
woe,35525329,BJP,5124,BJP
woe,35525333,OUS,5125,OUS
woe,35525335,IAS,9641,IAS
woe,35525337,ARK,10030,ARK
woe,35525013,MRA,9006,MRA
ne,35524097,MEM,4119,MEM
ne,35524099,PEW,847,PEW
ne,35524101,KSH,845,KSH
ne,35524103,SDJ,3464,SDJ
woe,35525341,GAJ,3463,GAJ
woe,35525343,TGG,2858,TGG
woe,35525345,BAU,5082,BAU
ne,35523447,DEL,11351,DEL
woe,35525347,MEA,5087,MEA
ne,35524109,LWO,7375,LWO
ne,35524111,PAT,11354,PAT
woe,35524825,CTS,2979,CTS
woe,35525351,CHR,9797,CHR
ne,35524113,SHA,2674,SHA
woe,35525353,CZX,2677,CZX
woe,35525281,HCN,2399,HCN
woe,35525159,ELS,10261,ELS
ne,35524115,THE,4905,THE
woe,35525459,INI,8413,INI
ne,35524117,REC,5333,REC
woe,35525283,KLU,8036,KLU
ne,35523577,ODS,9036,ODS
ne,35524121,BSB,5336,BSB
ne,35524123,ASU,5339,ASU
woe,35525179,BZV,10281,BZV
ne,35523605,GLA,3215,GLA
woe,35525359,UDR,10854,UDR
ne,35524129,EDI,3210,EDI
woe,35524705,MMX,6768,MMX
woe,35525363,BGV,5231,BGV
woe,35525365,WRI,4741,WRI
woe,35525369,PBD,10992,PBD
ne,35524131,"DAY,FFO",4746,DAY
ne,35524133,WLG,11814,WLG
ne,35524135,ADA,8820,ADA
ne,35524137,"CHC,ZWG",11817,CHC
woe,35525371,MDK,9973,MDK
ne,35524139,AYT,8824,AYT
woe,35525021,NSN,11813,NSN
woe,35525375,DNZ,8778,DNZ
ne,35524141,RAK,3600,RAK
woe,35525377,"BHW,SGI",755,BHW-SGI
woe,35524833,VGS,1042,VGS
ne,35524145,KGL,10001,KGL
woe,35524895,MVF,4907,MVF
ne,35524147,"CPS,STL",4896,STL
woe,35525167,PSS,5203,PSS
ne,35524149,"BFI,SEA,TCM",3178,SEA
woe,35525383,BWC,3072,BWC
ne,35524151,IPL,3074,IPL
woe,35525387,KHN,2186,KHN
woe,35525389,CXL,3078,CXL
woe,35525391,YPF,3175,YPF
woe,35525463,LEX,3787,LEX
ne,35524153,"CPQ,VCP",5345,VCP
woe,35525393,URG,5346,URG
ne,35524155,"GCV,POA,QNS",5347,POA
ne,35524157,KUF,6117,KUF
ne,35524159,"AEP,EZE,RLO",5348,EZE
ne,35524163,MVD,5349,MVD
ne,35524165,AMD,10927,AMD
woe,35524997,HIJ,1749,HIJ
woe,35525397,HUN,2351,HUN
woe,35525399,ENU,9855,ENU
woe,35525401,BRI,9133,BRI
ne,35524167,ISB,606,ISB
ne,35524169,"BGY,LIN,MXP,SWK",9108,BGY-LIN-MXP
woe,35525071,ARW,8104,ARW
woe,35525063,TSF,9107,TSF
ne,35524171,ADJ,9104,ADJ
ne,35523901,CNX,2437,CNX
woe,35525411,SZD,8074,SZD
ne,35524175,LTK,9101,LTK
woe,35525415,YNT,1358,YNT
ne,35524177,BEG,8278,BEG
woe,35525417,TLX,5528,TLX
woe,35525419,COV,4458,COV
woe,35525423,MUN,3733,MUN
ne,35524181,NGB,2136,NGB
ne,35524183,CEK,6340,CEK
woe,35525425,CAK,4693,CAK
woe,35525291,GTU,4201,GTU
woe,35525429,ZTR,7314,ZTR
ne,35524185,GYM,3106,GYM
ne,35524187,PZU,11076,PZU
ne,35524029,LCJ,7609,LCJ
ne,35524189,"OOL,SFP",11727,OOL
ne,35524191,BNE,11724,BNE
woe,35525437,TWB,11725,TWB
ne,35524193,DEN,2509,DEN
woe,35525075,VOT,5020,VOT
woe,35525445,NAK,2505,NAK
woe,35525443,ZHA,2421,ZHA
ne,35524047,TAO,2727,TAO
ne,35524199,USN,2725,USN
woe,35525077,NAL,10645,NAL
woe,35525449,ACH,9605,ACH
woe,35524289,PET,5265,PET
woe,35525451,RAS,11679,RAS
ne,35524201,ROS,5281,ROS
woe,35524713,SJP,5034,SJP
ne,35524203,TYN,2643,TYN
woe,35525427,HZL,4692,HZL
woe,35525453,KUV,2646,KUV
woe,35524651,PDP,5318,PDP
ne,35524205,DLC,489,DLC
woe,35525455,NHA,488,NHA
ne,35524207,TSN,487,TSN
woe,35525297,CXB,2781,CXB
ne,35524209,ADD,11313,ADD
woe,35525461,RAO,5040,RAO
ne,35524211,"LOU,SDF,ZTV",3781,SDF
ne,35524213,NUE,7589,NUE
ne,35524217,OSL,6541,OSL
woe,35525479,CMR,9519,CMR
woe,35525465,EVV,3789,EVV
woe,35525467,JOE,6464,JOE
woe,35525083,JSP,1863,JSP
ne,35524219,"CDG,JEV,ORY,TNF",9801,CDG-ORY
woe,35525469,AFZ,473,AFZ
woe,35525471,MCQ,9517,MCQ
ne,35524221,TGD,8483,TGD
ne,35524223,CMG,4992,CMG
ne,35524225,"HIO,PDX,TTD",3192,PDX
ne,35524227,YVR,3190,YVR
woe,35525477,CON,4584,CON
woe,35524669,AUG,4549,AUG
ne,35524229,ROC,4582,ROC
